id,FSRQ,DWJZ,LJJZ,JZZZL,time,num
67,2014-01-27,1,1,0,1390752000,1666
68,2014-01-30,1.0002,1.0002,0.02,1391011200,1665
69,2014-02-07,1.0012,1.0012,0.1,1391702400,1664
70,2014-02-14,1.0019,1.0019,0.0699,1392307200,1663
71,2014-02-17,1.0021,1.0021,0.02,1392566400,1662
72,2014-02-21,1.0015,1.0015,-0.0599,1392912000,1661
73,2014-02-21,1.0015,1.0015,-0.0599,1392912000,1661
74,2014-02-28,0.9961,0.9961,-0.5392,1393516800,1660
75,2014-03-07,0.9973,0.9973,0.1205,1394121600,1659
76,2014-03-14,0.9952,0.9952,-0.2106,1394726400,1658
77,2014-03-21,0.9966,0.9966,0.1407,1395331200,1657
78,2014-03-24,0.9992,0.9992,0.2609,1395590400,1656
79,2014-03-25,0.9998,0.9998,0.06,1395676800,1655
80,2014-03-26,1.0015,1.0015,0.17,1395763200,1654
81,2014-03-27,0.9953,0.9953,-0.6191,1395849600,1653
82,2014-03-28,0.9854,0.9854,-0.9947,1395936000,1652
83,2014-03-31,0.9825,0.9825,-0.2943,1396195200,1651
84,2014-04-01,0.9929,0.9929,1.0585,1396281600,1650
85,2014-04-02,0.9922,0.9922,-0.0705,1396368000,1649
86,2014-04-03,0.9915,0.9915,-0.0706,1396454400,1648
87,2014-04-04,1.0026,1.0026,1.1195,1396540800,1647
88,2014-04-08,1.0137,1.0137,1.1071,1396886400,1646
89,2014-04-09,1.022,1.022,0.8188,1396972800,1645
90,2014-04-10,1.0267,1.0267,0.4599,1397059200,1644
91,2014-04-11,1.0223,1.0223,-0.4286,1397145600,1643
92,2014-04-14,1.0316,1.0316,0.9097,1397404800,1642
93,2014-04-15,1.0249,1.0249,-0.6495,1397491200,1641
94,2014-04-16,1.023,1.023,-0.1854,1397577600,1640
95,2014-04-17,1.0234,1.0234,0.0391,1397664000,1639
96,2014-04-18,1.0256,1.0256,0.215,1397750400,1638
97,2014-04-21,1.0097,1.0097,-1.5503,1398009600,1637
98,2014-04-22,1.0042,1.0042,-0.5447,1398096000,1636
99,2014-04-23,1.0005,1.0005,-0.3685,1398182400,1635
100,2014-04-24,0.9935,0.9935,-0.6997,1398268800,1634
101,2014-04-25,0.9741,0.9741,-1.9527,1398355200,1633
102,2014-04-28,0.9435,0.9435,-3.1414,1398614400,1632
103,2014-04-29,0.9569,0.9569,1.4202,1398700800,1631
104,2014-04-30,0.9658,0.9658,0.9301,1398787200,1630
105,2014-05-05,0.9728,0.9728,0.7248,1399219200,1629
106,2014-05-06,0.9783,0.9783,0.5654,1399305600,1628
107,2014-05-07,0.9592,0.9592,-1.9524,1399392000,1627
108,2014-05-08,0.9594,0.9594,0.0209,1399478400,1626
109,2014-05-09,0.9496,0.9496,-1.0215,1399564800,1625
110,2014-05-12,0.9736,0.9736,2.5274,1399824000,1624
111,2014-05-13,0.9702,0.9702,-0.3492,1399910400,1623
112,2014-05-14,0.9685,0.9685,-0.1752,1399996800,1622
113,2014-05-15,0.9502,0.9502,-1.8895,1400083200,1621
114,2014-05-16,0.9465,0.9465,-0.3894,1400169600,1620
115,2014-05-19,0.9418,0.9418,-0.4966,1400428800,1619
116,2014-05-20,0.9451,0.9451,0.3504,1400515200,1618
117,2014-05-21,0.9545,0.9545,0.9946,1400601600,1617
118,2014-05-22,0.9547,0.9547,0.021,1400688000,1616
119,2014-05-23,0.9677,0.9677,1.3617,1400774400,1615
120,2014-05-26,0.9796,0.9796,1.2297,1401033600,1614
121,2014-05-27,0.9754,0.9754,-0.4287,1401120000,1613
122,2014-05-28,0.9879,0.9879,1.2815,1401206400,1612
123,2014-05-29,0.9783,0.9783,-0.9718,1401292800,1611
124,2014-05-30,0.9812,0.9812,0.2964,1401379200,1610
125,2014-06-03,0.9802,0.9802,-0.1019,1401724800,1609
126,2014-06-04,0.9724,0.9724,-0.7958,1401811200,1608
127,2014-06-05,0.9837,0.9837,1.1621,1401897600,1607
128,2014-06-06,0.9816,0.9816,-0.2135,1401984000,1606
129,2014-06-09,0.9756,0.9756,-0.6112,1402243200,1605
130,2014-06-10,0.9875,0.9875,1.2198,1402329600,1604
131,2014-06-11,0.9938,0.9938,0.638,1402416000,1603
132,2014-06-12,0.9905,0.9905,-0.3321,1402502400,1602
133,2014-06-13,1.0023,1.0023,1.1913,1402588800,1601
134,2014-06-16,1.0096,1.0096,0.7283,1402848000,1600
135,2014-06-17,1.0006,1.0006,-0.8914,1402934400,1599
136,2014-06-18,0.994,0.994,-0.6596,1403020800,1598
137,2014-06-19,0.9685,0.9685,-2.5654,1403107200,1597
138,2014-06-20,0.9788,0.9788,1.0635,1403193600,1596
139,2014-06-23,0.9868,0.9868,0.8173,1403452800,1595
140,2014-06-24,0.9928,0.9928,0.608,1403539200,1594
141,2014-06-25,0.9886,0.9886,-0.423,1403625600,1593
142,2014-06-26,1.0003,1.0003,1.1835,1403712000,1592
143,2014-06-27,1.0067,1.0067,0.6398,1403798400,1591
144,2014-06-30,1.0167,1.0167,0.9933,1404057600,1590
145,2014-07-01,1.025,1.025,0.8164,1404144000,1589
146,2014-07-02,1.0337,1.0337,0.8488,1404230400,1588
147,2014-07-03,1.0422,1.0422,0.8223,1404316800,1587
148,2014-07-04,1.0384,1.0384,-0.3646,1404403200,1586
149,2014-07-07,1.0416,1.0416,0.3082,1404662400,1585
150,2014-07-08,1.0456,1.0456,0.384,1404748800,1584
151,2014-07-09,1.0309,1.0309,-1.4059,1404835200,1583
152,2014-07-10,1.0289,1.0289,-0.194,1404921600,1582
153,2014-07-11,1.0384,1.0384,0.9233,1405008000,1581
154,2014-07-14,1.0537,1.0537,1.4734,1405267200,1580
155,2014-07-15,1.051,1.051,-0.2562,1405353600,1579
156,2014-07-16,1.0432,1.0432,-0.7422,1405440000,1578
157,2014-07-17,1.0383,1.0383,-0.4697,1405526400,1577
158,2014-07-18,1.0422,1.0422,0.3756,1405612800,1576
159,2014-07-21,1.0397,1.0397,-0.2399,1405872000,1575
160,2014-07-22,1.0501,1.0501,1.0003,1405958400,1574
161,2014-07-23,1.0437,1.0437,-0.6095,1406044800,1573
162,2014-07-24,1.0465,1.0465,0.2683,1406131200,1572
163,2014-07-25,1.0559,1.0559,0.8982,1406217600,1571
164,2014-07-28,1.0753,1.0753,1.8373,1406476800,1570
165,2014-07-29,1.0853,1.0853,0.93,1406563200,1569
166,2014-07-30,1.0864,1.0864,0.1014,1406649600,1568
167,2014-07-31,1.097,1.097,0.9757,1406736000,1567
168,2014-08-01,1.0873,1.0873,-0.8842,1406822400,1566
169,2014-08-04,1.1033,1.1033,1.4715,1407081600,1565
170,2014-08-05,1.1111,1.1111,0.707,1407168000,1564
171,2014-08-06,1.119,1.119,0.711,1407254400,1563
172,2014-08-07,1.1102,1.1102,-0.7864,1407340800,1562
173,2014-08-08,1.1168,1.1168,0.5945,1407427200,1561
174,2014-08-11,1.1336,1.1336,1.5043,1407686400,1560
175,2014-08-12,1.138,1.138,0.3881,1407772800,1559
176,2014-08-13,1.1396,1.1396,0.1406,1407859200,1558
177,2014-08-14,1.1348,1.1348,-0.4212,1407945600,1557
178,2014-08-15,1.1458,1.1458,0.9693,1408032000,1556
179,2014-08-18,1.16,1.16,1.2393,1408291200,1555
180,2014-08-19,1.1614,1.1614,0.1207,1408377600,1554
181,2014-08-20,1.1636,1.1636,0.1894,1408464000,1553
182,2014-08-21,1.1627,1.1627,-0.0773,1408550400,1552
183,2014-08-22,1.1718,1.1718,0.7827,1408636800,1551
184,2014-08-25,1.1661,1.1661,-0.4864,1408896000,1550
185,2014-08-26,1.1565,1.1565,-0.8233,1408982400,1549
186,2014-08-27,1.1577,1.1577,0.1038,1409068800,1548
187,2014-08-28,1.146,1.146,-1.0106,1409155200,1547
188,2014-08-29,1.1588,1.1588,1.1169,1409241600,1546
189,2014-09-01,1.1763,1.1763,1.5102,1409500800,1545
190,2014-09-02,1.1962,1.1962,1.6917,1409587200,1544
191,2014-09-03,1.2092,1.2092,1.0868,1409673600,1543
192,2014-09-04,1.2218,1.2218,1.042,1409760000,1542
193,2014-09-05,1.2271,1.2271,0.4338,1409846400,1541
194,2014-09-09,1.2338,1.2338,0.546,1410192000,1540
195,2014-09-10,1.2363,1.2363,0.2026,1410278400,1539
196,2014-09-11,1.2372,1.2372,0.0728,1410364800,1538
197,2014-09-12,1.249,1.249,0.9538,1410451200,1537
198,2014-09-15,1.2603,1.2603,0.9047,1410710400,1536
199,2014-09-16,1.2267,1.2267,-2.666,1410796800,1535
200,2014-09-17,1.2344,1.2344,0.6277,1410883200,1534
201,2014-09-18,1.2421,1.2421,0.6238,1410969600,1533
202,2014-09-19,1.2518,1.2518,0.7809,1411056000,1532
203,2014-09-22,1.2379,1.2379,-1.1104,1411315200,1531
204,2014-09-23,1.2495,1.2495,0.9371,1411401600,1530
205,2014-09-24,1.264,1.264,1.1605,1411488000,1529
206,2014-09-25,1.2619,1.2619,-0.1661,1411574400,1528
207,2014-09-26,1.2651,1.2651,0.2536,1411660800,1527
208,2014-09-29,1.2772,1.2772,0.9564,1411920000,1526
209,2014-09-30,1.2826,1.2826,0.4228,1412006400,1525
210,2014-10-08,1.3015,1.3015,1.4736,1412697600,1524
211,2014-10-09,1.3073,1.3073,0.4456,1412784000,1523
212,2014-10-10,1.3041,1.3041,-0.2448,1412870400,1522
213,2014-10-13,1.3036,1.3036,-0.0383,1413129600,1521
214,2014-10-14,1.299,1.299,-0.3529,1413216000,1520
215,2014-10-15,1.3043,1.3043,0.408,1413302400,1519
216,2014-10-16,1.2853,1.2853,-1.4567,1413388800,1518
217,2014-10-17,1.2773,1.2773,-0.6224,1413475200,1517
218,2014-10-20,1.2915,1.2915,1.1117,1413734400,1516
219,2014-10-21,1.2809,1.2809,-0.8208,1413820800,1515
220,2014-10-22,1.2655,1.2655,-1.2023,1413907200,1514
221,2014-10-23,1.2484,1.2484,-1.3512,1413993600,1513
222,2014-10-24,1.2525,1.2525,0.3284,1414080000,1512
223,2014-10-27,1.2614,1.2614,0.7106,1414339200,1511
224,2014-10-28,1.2894,1.2894,2.2198,1414425600,1510
225,2014-10-29,1.3067,1.3067,1.3417,1414512000,1509
226,2014-10-30,1.3049,1.3049,-0.1378,1414598400,1508
227,2014-10-31,1.3033,1.3033,-0.1226,1414684800,1507
228,2014-11-03,1.3125,1.3125,0.7059,1414944000,1506
229,2014-11-04,1.3027,1.3027,-0.7467,1415030400,1505
230,2014-11-05,1.2972,1.2972,-0.4222,1415116800,1504
231,2014-11-06,1.3077,1.3077,0.8094,1415203200,1503
232,2014-11-07,1.2994,1.2994,-0.6347,1415289600,1502
233,2014-11-10,1.3104,1.3104,0.8465,1415548800,1501
234,2014-11-11,1.2752,1.2752,-2.6862,1415635200,1500
235,2014-11-12,1.2924,1.2924,1.3488,1415721600,1499
236,2014-11-13,1.279,1.279,-1.0368,1415808000,1498
237,2014-11-14,1.2789,1.2789,-0.0078,1415894400,1497
238,2014-11-17,1.2913,1.2913,0.9696,1416153600,1496
239,2014-11-18,1.2939,1.2939,0.2013,1416240000,1495
240,2014-11-19,1.2978,1.2978,0.3014,1416326400,1494
241,2014-11-20,1.2918,1.2918,-0.4623,1416412800,1493
242,2014-11-21,1.3047,1.3047,0.9986,1416499200,1492
243,2014-11-24,1.3233,1.3233,1.4256,1416758400,1491
244,2014-11-25,1.3446,1.3446,1.6096,1416844800,1490
245,2014-11-26,1.3514,1.3514,0.5057,1416931200,1489
246,2014-11-27,1.3603,1.3603,0.6586,1417017600,1488
247,2014-11-28,1.3594,1.3594,-0.0662,1417104000,1487
248,2014-12-01,1.352,1.352,-0.5444,1417363200,1486
249,2014-12-02,1.3702,1.3702,1.3462,1417449600,1485
250,2014-12-03,1.3853,1.3853,1.102,1417536000,1484
251,2014-12-04,1.4109,1.4109,1.848,1417622400,1483
252,2014-12-05,1.383,1.383,-1.9775,1417708800,1482
253,2014-12-08,1.3975,1.3975,1.0484,1417968000,1481
254,2014-12-09,1.3451,1.3451,-3.7496,1418054400,1480
255,2014-12-10,1.3926,1.3926,3.5313,1418140800,1479
256,2014-12-11,1.4094,1.4094,1.2064,1418227200,1478
257,2014-12-12,1.4197,1.4197,0.7308,1418313600,1477
258,2014-12-15,1.4394,1.4394,1.3876,1418572800,1476
259,2014-12-16,1.4413,1.4413,0.132,1418659200,1475
260,2014-12-17,1.43,1.43,-0.784,1418745600,1474
261,2014-12-18,1.4314,1.4314,0.0979,1418832000,1473
262,2014-12-19,1.4191,1.4191,-0.8593,1418918400,1472
263,2014-12-22,1.3626,1.3626,-3.9814,1419177600,1471
264,2014-12-23,1.3391,1.3391,-1.7246,1419264000,1470
265,2014-12-24,1.357,1.357,1.3367,1419350400,1469
266,2014-12-25,1.3779,1.3779,1.5402,1419436800,1468
267,2014-12-26,1.3887,1.3887,0.7838,1419523200,1467
268,2014-12-29,1.3765,1.3765,-0.8785,1419782400,1466
269,2014-12-30,1.3575,1.3575,-1.3803,1419868800,1465
270,2014-12-31,1.371,1.371,0.9945,1419955200,1464
271,2015-01-05,1.3955,1.3955,1.787,1420387200,1463
272,2015-01-06,1.4116,1.4116,1.1537,1420473600,1462
273,2015-01-07,1.4119,1.4119,0.0213,1420560000,1461
274,2015-01-08,1.4049,1.4049,-0.4958,1420646400,1460
275,2015-01-09,1.4016,1.4016,-0.2349,1420732800,1459
276,2015-01-12,1.3885,1.3885,-0.9346,1420992000,1458
277,2015-01-13,1.4062,1.4062,1.2748,1421078400,1457
278,2015-01-14,1.4027,1.4027,-0.2489,1421164800,1456
279,2015-01-15,1.4194,1.4194,1.1906,1421251200,1455
280,2015-01-16,1.4373,1.4373,1.2611,1421337600,1454
281,2015-01-19,1.3868,1.3868,-3.5135,1421596800,1453
282,2015-01-20,1.4358,1.4358,3.5333,1421683200,1452
283,2015-01-21,1.4696,1.4696,2.3541,1421769600,1451
284,2015-01-22,1.491,1.491,1.4562,1421856000,1450
285,2015-01-23,1.4756,1.4756,-1.0329,1421942400,1449
286,2015-01-26,1.5077,1.5077,2.1754,1422201600,1448
287,2015-01-27,1.5156,1.5156,0.524,1422288000,1447
288,2015-01-28,1.5062,1.5062,-0.6202,1422374400,1446
289,2015-01-29,1.4999,1.4999,-0.4183,1422460800,1445
290,2015-01-30,1.4876,1.4876,-0.8201,1422547200,1444
291,2015-02-02,1.4834,1.4834,-0.2823,1422806400,1443
292,2015-02-03,1.5128,1.5128,1.9819,1422892800,1442
293,2015-02-04,1.513,1.513,0.0132,1422979200,1441
294,2015-02-05,1.51,1.51,-0.1983,1423065600,1440
295,2015-02-06,1.4867,1.4867,-1.543,1423152000,1439
296,2015-02-09,1.4827,1.4827,-0.2691,1423411200,1438
297,2015-02-10,1.5,1.5,1.1668,1423497600,1437
298,2015-02-11,1.5195,1.5195,1.3,1423584000,1436
299,2015-02-12,1.5336,1.5336,0.9279,1423670400,1435
300,2015-02-13,1.5587,1.5587,1.6367,1423756800,1434
301,2015-02-16,1.5791,1.5791,1.3088,1424016000,1433
302,2015-02-17,1.5915,1.5915,0.7853,1424102400,1432
303,2015-02-25,1.5893,1.5893,-0.1382,1424793600,1431
304,2015-02-26,1.6039,1.6039,0.9186,1424880000,1430
305,2015-02-27,1.6153,1.6153,0.7108,1424966400,1429
306,2015-03-02,1.6503,1.6503,2.1668,1425225600,1428
307,2015-03-03,1.6419,1.6419,-0.509,1425312000,1427
308,2015-03-04,1.6634,1.6634,1.3095,1425398400,1426
309,2015-03-05,1.6634,1.6634,0,1425484800,1425
310,2015-03-06,1.6436,1.6436,-1.1903,1425571200,1424
311,2015-03-09,1.663,1.663,1.1803,1425830400,1423
312,2015-03-10,1.6787,1.6787,0.9441,1425916800,1422
313,2015-03-11,1.6789,1.6789,0.0119,1426003200,1421
314,2015-03-12,1.6796,1.6796,0.0417,1426089600,1420
315,2015-03-13,1.6984,1.6984,1.1193,1426176000,1419
316,2015-03-16,1.7475,1.7475,2.891,1426435200,1418
317,2015-03-17,1.7748,1.7748,1.5622,1426521600,1417
318,2015-03-18,1.8006,1.8006,1.4537,1426608000,1416
319,2015-03-19,1.8109,1.8109,0.572,1426694400,1415
320,2015-03-20,1.8331,1.8331,1.2259,1426780800,1414
321,2015-03-23,1.8789,1.8789,2.4985,1427040000,1413
322,2015-03-24,1.8902,1.8902,0.6014,1427126400,1412
323,2015-03-25,1.9101,1.9101,1.0528,1427212800,1411
324,2015-03-26,1.9003,1.9003,-0.5131,1427299200,1410
325,2015-03-27,1.9267,1.9267,1.3893,1427385600,1409
326,2015-03-30,1.9523,1.9523,1.3287,1427644800,1408
327,2015-03-31,1.9515,1.9515,-0.041,1427731200,1407
328,2015-04-01,1.9921,1.9921,2.0805,1427817600,1406
329,2015-04-02,2.0235,2.0235,1.5762,1427904000,1405
330,2015-04-03,2.0438,2.0438,1.0032,1427990400,1404
331,2015-04-07,2.0896,2.0896,2.2409,1428336000,1403
332,2015-04-08,2.0833,2.0833,-0.3015,1428422400,1402
333,2015-04-09,2.066,2.066,-0.8304,1428508800,1401
334,2015-04-10,2.1121,2.1121,2.2314,1428595200,1400
335,2015-04-13,2.1585,2.1585,2.1969,1428854400,1399
336,2015-04-14,2.161,2.161,0.1158,1428940800,1398
337,2015-04-15,2.0809,2.0809,-3.7066,1429027200,1397
338,2015-04-16,2.1037,2.1037,1.0957,1429113600,1396
339,2015-04-17,2.1271,2.1271,1.1123,1429200000,1395
340,2015-04-20,2.0899,2.0899,-1.7489,1429459200,1394
341,2015-04-21,2.1596,2.1596,3.3351,1429545600,1393
342,2015-04-22,2.2178,2.2178,2.6949,1429632000,1392
343,2015-04-23,2.2416,2.2416,1.0731,1429718400,1391
344,2015-04-24,2.2388,2.2388,-0.1249,1429804800,1390
345,2015-04-27,2.2659,2.2659,1.2105,1430064000,1389
346,2015-04-28,2.2011,2.2011,-2.8598,1430150400,1388
347,2015-04-29,2.2423,2.2423,1.8718,1430236800,1387
348,2015-04-30,2.2501,2.2501,0.3479,1430323200,1386
349,2015-05-04,2.2635,2.2635,0.5955,1430668800,1385
350,2015-05-05,2.1909,2.1909,-3.2074,1430755200,1384
351,2015-05-06,2.1624,2.1624,-1.3008,1430841600,1383
352,2015-05-07,2.1262,2.1262,-1.6741,1430928000,1382
353,2015-05-08,2.2011,2.2011,3.5227,1431014400,1381
354,2015-05-11,2.2916,2.2916,4.1116,1431273600,1380
355,2015-05-12,2.3428,2.3428,2.2342,1431360000,1379
356,2015-05-13,2.3568,2.3568,0.5976,1431446400,1378
357,2015-05-14,2.354,2.354,-0.1188,1431532800,1377
358,2015-05-15,2.3384,2.3384,-0.6627,1431619200,1376
359,2015-05-18,2.3821,2.3821,1.8688,1431878400,1375
360,2015-05-19,2.4456,2.4456,2.6657,1431964800,1374
361,2015-05-20,2.4814,2.4814,1.4639,1432051200,1373
362,2015-05-21,2.5664,2.5664,3.4255,1432137600,1372
363,2015-05-22,2.6073,2.6073,1.5937,1432224000,1371
364,2015-05-25,2.6787,2.6787,2.7385,1432483200,1370
365,2015-05-26,2.771,2.771,3.4457,1432569600,1369
366,2015-05-27,2.7985,2.7985,0.9924,1432656000,1368
367,2015-05-28,2.6371,2.6371,-5.7674,1432742400,1367
368,2015-05-29,2.6678,2.6678,1.1642,1432828800,1366
369,2015-06-01,2.8091,2.8091,5.2965,1433088000,1365
370,2015-06-02,2.9203,2.9203,3.9586,1433174400,1364
371,2015-06-03,2.9482,2.9482,0.9554,1433260800,1363
372,2015-06-04,2.9453,2.9453,-0.0984,1433347200,1362
373,2015-06-05,2.9979,2.9979,1.7859,1433433600,1361
374,2015-06-08,2.9709,2.9709,-0.9006,1433692800,1360
375,2015-06-09,2.9615,2.9615,-0.3164,1433779200,1359
376,2015-06-10,3.0137,3.0137,1.7626,1433865600,1358
377,2015-06-11,3.0523,3.0523,1.2808,1433952000,1357
378,2015-06-12,3.0983,3.0983,1.5071,1434038400,1356
379,2015-06-15,3.0478,3.0478,-1.6299,1434297600,1355
380,2015-06-16,2.9356,2.9356,-3.6813,1434384000,1354
381,2015-06-17,2.9891,2.9891,1.8225,1434470400,1353
382,2015-06-18,2.8897,2.8897,-3.3254,1434556800,1352
383,2015-06-19,2.6923,2.6923,-6.8312,1434643200,1351
384,2015-06-23,2.7198,2.7198,1.0214,1434988800,1350
385,2015-06-24,2.7834,2.7834,2.3384,1435075200,1349
386,2015-06-25,2.6726,2.6726,-3.9807,1435161600,1348
387,2015-06-26,2.45,2.45,-8.329,1435248000,1347
388,2015-06-29,2.2937,2.2937,-6.3796,1435507200,1346
389,2015-06-30,2.4131,2.4131,5.2056,1435593600,1345
390,2015-07-01,2.2956,2.2956,-4.8693,1435680000,1344
391,2015-07-02,2.1407,2.1407,-6.7477,1435766400,1343
392,2015-07-03,2.0175,2.0175,-5.7551,1435852800,1342
393,2015-07-06,1.9849,1.9849,-1.6159,1436112000,1341
394,2015-07-07,1.8499,1.8499,-6.8014,1436198400,1340
395,2015-07-08,1.7865,1.7865,-3.4272,1436284800,1339
396,2015-07-09,1.8353,1.8353,2.7316,1436371200,1338
397,2015-07-10,1.9101,1.9101,4.0756,1436457600,1337
398,2015-07-13,2.0101,2.0101,5.2353,1436716800,1336
399,2015-07-14,2.0455,2.0455,1.7611,1436803200,1335
400,2015-07-15,1.9393,1.9393,-5.1919,1436889600,1334
401,2015-07-16,1.9878,1.9878,2.5009,1436976000,1333
402,2015-07-17,2.1054,2.1054,5.9161,1437062400,1332
403,2015-07-20,2.1487,2.1487,2.0566,1437321600,1331
404,2015-07-21,2.1808,2.1808,1.4939,1437408000,1330
405,2015-07-22,2.2145,2.2145,1.5453,1437494400,1329
406,2015-07-23,2.2761,2.2761,2.7817,1437580800,1328
407,2015-07-24,2.2392,2.2392,-1.6212,1437667200,1327
408,2015-07-27,2.0681,2.0681,-7.6411,1437926400,1326
409,2015-07-28,2.0133,2.0133,-2.6498,1438012800,1325
410,2015-07-29,2.116,2.116,5.1011,1438099200,1324
411,2015-07-30,2.055,2.055,-2.8828,1438185600,1323
412,2015-07-31,2.0354,2.0354,-0.9538,1438272000,1322
413,2015-08-03,1.9729,1.9729,-3.0706,1438531200,1321
414,2015-08-04,2.0885,2.0885,5.8594,1438617600,1320
415,2015-08-05,2.0721,2.0721,-0.7853,1438704000,1319
416,2015-08-06,2.0686,2.0686,-0.1689,1438790400,1318
417,2015-08-07,2.1345,2.1345,3.1857,1438876800,1317
418,2015-08-10,2.2474,2.2474,5.2893,1439136000,1316
419,2015-08-11,2.2516,2.2516,0.1869,1439222400,1315
420,2015-08-12,2.2231,2.2231,-1.2658,1439308800,1314
421,2015-08-13,2.2755,2.2755,2.3571,1439395200,1313
422,2015-08-14,2.2941,2.2941,0.8174,1439481600,1312
423,2015-08-17,2.338,2.338,1.9136,1439740800,1311
424,2015-08-18,2.1494,2.1494,-8.0667,1439827200,1310
425,2015-08-19,2.1983,2.1983,2.2751,1439913600,1309
426,2015-08-20,2.1308,2.1308,-3.0706,1440000000,1308
427,2015-08-21,2.0186,2.0186,-5.2656,1440086400,1307
428,2015-08-24,1.851,1.851,-8.3028,1440345600,1306
429,2015-08-25,1.6902,1.6902,-8.6872,1440432000,1305
430,2015-08-26,1.6167,1.6167,-4.3486,1440518400,1304
431,2015-08-27,1.6865,1.6865,4.3174,1440604800,1303
432,2015-08-28,1.7978,1.7978,6.5995,1440691200,1302
433,2015-08-31,1.7307,1.7307,-3.7323,1440950400,1301
434,2015-09-01,1.6179,1.6179,-6.5176,1441036800,1300
435,2015-09-02,1.5996,1.5996,-1.1311,1441123200,1299
436,2015-09-07,1.6138,1.6138,0.8877,1441555200,1298
437,2015-09-08,1.6901,1.6901,4.728,1441641600,1297
438,2015-09-09,1.744,1.744,3.1892,1441728000,1296
439,2015-09-10,1.7119,1.7119,-1.8406,1441814400,1295
440,2015-09-11,1.7255,1.7255,0.7944,1441900800,1294
441,2015-09-14,1.5983,1.5983,-7.3718,1442160000,1293
442,2015-09-15,1.5084,1.5084,-5.6247,1442246400,1292
443,2015-09-16,1.6225,1.6225,7.5643,1442332800,1291
444,2015-09-17,1.5971,1.5971,-1.5655,1442419200,1290
445,2015-09-18,1.6196,1.6196,1.4088,1442505600,1289
446,2015-09-21,1.6858,1.6858,4.0874,1442764800,1288
447,2015-09-22,1.6966,1.6966,0.6406,1442851200,1287
448,2015-09-23,1.6762,1.6762,-1.2024,1442937600,1286
449,2015-09-24,1.705,1.705,1.7182,1443024000,1285
450,2015-09-25,1.6444,1.6444,-3.5543,1443110400,1284
451,2015-09-28,1.6783,1.6783,2.0615,1443369600,1283
452,2015-09-29,1.6461,1.6461,-1.9186,1443456000,1282
453,2015-09-30,1.6537,1.6537,0.4617,1443542400,1281
454,2015-10-08,1.7271,1.7271,4.4385,1444233600,1280
455,2015-10-09,1.7585,1.7585,1.8181,1444320000,1279
456,2015-10-12,1.8412,1.8412,4.7029,1444579200,1278
457,2015-10-13,1.8596,1.8596,0.9993,1444665600,1277
458,2015-10-14,1.8487,1.8487,-0.5861,1444752000,1276
459,2015-10-15,1.9099,1.9099,3.3104,1444838400,1275
460,2015-10-16,1.9376,1.9376,1.4503,1444924800,1274
461,2015-10-19,1.9337,1.9337,-0.2013,1445184000,1273
462,2015-10-20,1.9782,1.9782,2.3013,1445270400,1272
463,2015-10-21,1.8721,1.8721,-5.3635,1445356800,1271
464,2015-10-22,1.9387,1.9387,3.5575,1445443200,1270
465,2015-10-23,1.9892,1.9892,2.6048,1445529600,1269
466,2015-10-26,2.0042,2.0042,0.7541,1445788800,1268
467,2015-10-27,2.0207,2.0207,0.8233,1445875200,1267
468,2015-10-28,1.9775,1.9775,-2.1379,1445961600,1266
469,2015-10-29,1.9942,1.9942,0.8445,1446048000,1265
470,2015-10-30,1.987,1.987,-0.361,1446134400,1264
471,2015-11-02,1.9534,1.9534,-1.691,1446393600,1263
472,2015-11-03,1.9523,1.9523,-0.0563,1446480000,1262
473,2015-11-04,2.0513,2.0513,5.0709,1446566400,1261
474,2015-11-05,2.0607,2.0607,0.4582,1446652800,1260
475,2015-11-06,2.1145,2.1145,2.6108,1446739200,1259
476,2015-11-09,2.1441,2.1441,1.3999,1446998400,1258
477,2015-11-10,2.1539,2.1539,0.4571,1447084800,1257
478,2015-11-11,2.181,2.181,1.2582,1447171200,1256
479,2015-11-12,2.1818,2.1818,0.0367,1447257600,1255
480,2015-11-13,2.1548,2.1548,-1.2375,1447344000,1254
481,2015-11-16,2.1978,2.1978,1.9955,1447603200,1253
482,2015-11-17,2.1786,2.1786,-0.8736,1447689600,1252
483,2015-11-18,2.1493,2.1493,-1.3449,1447776000,1251
484,2015-11-19,2.2026,2.2026,2.4799,1447862400,1250
485,2015-11-20,2.2283,2.2283,1.1668,1447948800,1249
486,2015-11-23,2.2152,2.2152,-0.5879,1448208000,1248
487,2015-11-24,2.2333,2.2333,0.8171,1448294400,1247
488,2015-11-25,2.269,2.269,1.5985,1448380800,1246
489,2015-11-26,2.263,2.263,-0.2644,1448467200,1245
490,2015-11-27,2.1302,2.1302,-5.8683,1448553600,1244
491,2015-11-30,2.1272,2.1272,-0.1408,1448812800,1243
492,2015-12-01,2.1403,2.1403,0.6158,1448899200,1242
493,2015-12-02,2.1401,2.1401,-0.0093,1448985600,1241
494,2015-12-03,2.1792,2.1792,1.827,1449072000,1240
495,2015-12-04,2.1609,2.1609,-0.8398,1449158400,1239
496,2015-12-07,2.1858,2.1858,1.1523,1449417600,1238
497,2015-12-08,2.1378,2.1378,-2.196,1449504000,1237
498,2015-12-09,2.1324,2.1324,-0.2526,1449590400,1236
499,2015-12-10,2.1334,2.1334,0.0469,1449676800,1235
500,2015-12-11,2.1238,2.1238,-0.45,1449763200,1234
501,2015-12-14,2.1717,2.1717,2.2554,1450022400,1233
502,2015-12-15,2.1891,2.1891,0.8012,1450108800,1232
503,2015-12-16,2.1976,2.1976,0.3883,1450195200,1231
504,2015-12-17,2.2492,2.2492,2.348,1450281600,1230
505,2015-12-18,2.2551,2.2551,0.2623,1450368000,1229
506,2015-12-21,2.2832,2.2832,1.2461,1450627200,1228
507,2015-12-22,2.3001,2.3001,0.7402,1450713600,1227
508,2015-12-23,2.2794,2.2794,-0.9,1450800000,1226
509,2015-12-24,2.2687,2.2687,-0.4694,1450886400,1225
510,2015-12-25,2.2859,2.2859,0.7581,1450972800,1224
511,2015-12-28,2.2413,2.2413,-1.9511,1451232000,1223
512,2015-12-29,2.2636,2.2636,0.995,1451318400,1222
513,2015-12-30,2.2844,2.2844,0.9189,1451404800,1221
514,2015-12-31,2.2541,2.2541,-1.3264,1451491200,1220
515,2016-01-04,2.0875,2.0875,-7.391,1451836800,1219
516,2016-01-05,2.0626,2.0626,-1.1928,1451923200,1218
517,2016-01-06,2.1087,2.1087,2.235,1452009600,1217
518,2016-01-07,1.952,1.952,-7.4311,1452096000,1216
519,2016-01-08,1.9731,1.9731,1.0809,1452182400,1215
520,2016-01-11,1.8469,1.8469,-6.396,1452441600,1214
521,2016-01-12,1.8558,1.8558,0.4819,1452528000,1213
522,2016-01-13,1.7987,1.7987,-3.0768,1452614400,1212
523,2016-01-14,1.8561,1.8561,3.1912,1452700800,1211
524,2016-01-15,1.7879,1.7879,-3.6744,1452787200,1210
525,2016-01-18,1.8205,1.8205,1.8234,1453046400,1209
526,2016-01-19,1.8862,1.8862,3.6089,1453132800,1208
527,2016-01-20,1.8681,1.8681,-0.9596,1453219200,1207
528,2016-01-21,1.7983,1.7983,-3.7364,1453305600,1206
529,2016-01-22,1.8277,1.8277,1.6349,1453392000,1205
530,2016-01-25,1.8473,1.8473,1.0724,1453651200,1204
531,2016-01-26,1.7169,1.7169,-7.059,1453737600,1203
532,2016-01-27,1.6936,1.6936,-1.3571,1453824000,1202
533,2016-01-28,1.6314,1.6314,-3.6726,1453910400,1201
534,2016-01-29,1.6909,1.6909,3.6472,1453996800,1200
535,2016-02-01,1.6724,1.6724,-1.0941,1454256000,1199
536,2016-02-02,1.7315,1.7315,3.5338,1454342400,1198
537,2016-02-03,1.7428,1.7428,0.6526,1454428800,1197
538,2016-02-04,1.778,1.778,2.0197,1454515200,1196
539,2016-02-05,1.7617,1.7617,-0.9168,1454601600,1195
540,2016-02-15,1.7595,1.7595,-0.1249,1455465600,1194
541,2016-02-16,1.8338,1.8338,4.2228,1455552000,1193
542,2016-02-17,1.8599,1.8599,1.4233,1455638400,1192
543,2016-02-18,1.8554,1.8554,-0.2419,1455724800,1191
544,2016-02-19,1.862,1.862,0.3557,1455811200,1190
545,2016-02-22,1.9019,1.9019,2.1429,1456070400,1189
546,2016-02-23,1.8864,1.8864,-0.815,1456156800,1188
547,2016-02-24,1.8994,1.8994,0.6891,1456243200,1187
548,2016-02-25,1.7516,1.7516,-7.7814,1456329600,1186
549,2016-02-26,1.7563,1.7563,0.2683,1456416000,1185
550,2016-02-29,1.6607,1.6607,-5.4433,1456675200,1184
551,2016-03-01,1.6996,1.6996,2.3424,1456761600,1183
552,2016-03-02,1.7885,1.7885,5.2306,1456848000,1182
553,2016-03-03,1.7966,1.7966,0.4529,1456934400,1181
554,2016-03-04,1.7454,1.7454,-2.8498,1457020800,1180
555,2016-03-07,1.7873,1.7873,2.4006,1457280000,1179
556,2016-03-08,1.8015,1.8015,0.7945,1457366400,1178
557,2016-03-09,1.7604,1.7604,-2.2814,1457452800,1177
558,2016-03-10,1.7353,1.7353,-1.4258,1457539200,1176
559,2016-03-11,1.7355,1.7355,0.0115,1457625600,1175
560,2016-03-14,1.7996,1.7996,3.6935,1457884800,1174
561,2016-03-15,1.7849,1.7849,-0.8168,1457971200,1173
562,2016-03-16,1.7627,1.7627,-1.2438,1458057600,1172
563,2016-03-17,1.823,1.823,3.4209,1458144000,1171
564,2016-03-18,1.8922,1.8922,3.7959,1458230400,1170
565,2016-03-21,1.9454,1.9454,2.8115,1458489600,1169
566,2016-03-22,1.9389,1.9389,-0.3341,1458576000,1168
567,2016-03-23,1.9558,1.9558,0.8716,1458662400,1167
568,2016-03-24,1.9246,1.9246,-1.5953,1458748800,1166
569,2016-03-25,1.9377,1.9377,0.6807,1458835200,1165
570,2016-03-28,1.9285,1.9285,-0.4748,1459094400,1164
571,2016-03-29,1.8869,1.8869,-2.1571,1459180800,1163
572,2016-03-30,1.9544,1.9544,3.5773,1459267200,1162
573,2016-03-31,1.9629,1.9629,0.4349,1459353600,1161
574,2016-04-01,1.956,1.956,-0.3515,1459440000,1160
575,2016-04-05,2.0124,2.0124,2.8834,1459785600,1159
576,2016-04-06,2.0283,2.0283,0.7901,1459872000,1158
577,2016-04-07,1.998,1.998,-1.4939,1459958400,1157
578,2016-04-08,1.9837,1.9837,-0.7157,1460044800,1156
579,2016-04-11,2.0318,2.0318,2.4248,1460304000,1155
580,2016-04-12,2.02,2.02,-0.5808,1460390400,1154
581,2016-04-13,2.0519,2.0519,1.5792,1460476800,1153
582,2016-04-14,2.0708,2.0708,0.9211,1460563200,1152
583,2016-04-15,2.0701,2.0701,-0.0338,1460649600,1151
584,2016-04-18,2.0409,2.0409,-1.4106,1460908800,1150
585,2016-04-19,2.053,2.053,0.5929,1460995200,1149
586,2016-04-20,1.9672,1.9672,-4.1792,1461081600,1148
587,2016-04-21,1.9519,1.9519,-0.7778,1461168000,1147
588,2016-04-22,1.9623,1.9623,0.5328,1461254400,1146
589,2016-04-25,1.9534,1.9534,-0.4535,1461513600,1145
590,2016-04-26,1.9737,1.9737,1.0392,1461600000,1144
591,2016-04-27,1.9696,1.9696,-0.2077,1461686400,1143
592,2016-04-28,1.9623,1.9623,-0.3706,1461772800,1142
593,2016-04-29,1.9616,1.9616,-0.0357,1461859200,1141
594,2016-05-03,2.0173,2.0173,2.8395,1462204800,1140
595,2016-05-04,2.022,2.022,0.233,1462291200,1139
596,2016-05-05,2.0336,2.0336,0.5737,1462377600,1138
597,2016-05-06,1.9617,1.9617,-3.5356,1462464000,1137
598,2016-05-09,1.894,1.894,-3.4511,1462723200,1136
599,2016-05-10,1.8957,1.8957,0.0898,1462809600,1135
600,2016-05-11,1.8924,1.8924,-0.1741,1462896000,1134
601,2016-05-12,1.8928,1.8928,0.0211,1462982400,1133
602,2016-05-13,1.8875,1.8875,-0.28,1463068800,1132
603,2016-05-16,1.916,1.916,1.5099,1463328000,1131
604,2016-05-17,1.9163,1.9163,0.0157,1463414400,1130
605,2016-05-18,1.8633,1.8633,-2.7657,1463500800,1129
606,2016-05-19,1.8722,1.8722,0.4776,1463587200,1128
607,2016-05-20,1.893,1.893,1.111,1463673600,1127
608,2016-05-23,1.919,1.919,1.3735,1463932800,1126
609,2016-05-24,1.9011,1.9011,-0.9328,1464019200,1125
610,2016-05-25,1.8938,1.8938,-0.384,1464105600,1124
611,2016-05-26,1.8988,1.8988,0.264,1464192000,1123
612,2016-05-27,1.9018,1.9018,0.158,1464278400,1122
613,2016-05-30,1.8987,1.8987,-0.163,1464537600,1121
614,2016-05-31,1.971,1.971,3.8079,1464624000,1120
615,2016-06-01,1.9808,1.9808,0.4972,1464710400,1119
616,2016-06-02,1.9907,1.9907,0.4998,1464796800,1118
617,2016-06-03,2.0032,2.0032,0.6279,1464883200,1117
618,2016-06-06,2.0059,2.0059,0.1348,1465142400,1116
619,2016-06-07,2.0026,2.0026,-0.1645,1465228800,1115
620,2016-06-08,2.0016,2.0016,-0.0499,1465315200,1114
621,2016-06-13,1.9229,1.9229,-3.9319,1465747200,1113
622,2016-06-14,1.9271,1.9271,0.2184,1465833600,1112
623,2016-06-15,1.9806,1.9806,2.7762,1465920000,1111
624,2016-06-16,1.9735,1.9735,-0.3585,1466006400,1110
625,2016-06-17,1.9876,1.9876,0.7145,1466092800,1109
626,2016-06-20,1.9938,1.9938,0.3119,1466352000,1108
627,2016-06-21,1.98,1.98,-0.6921,1466438400,1107
628,2016-06-22,2.0084,2.0084,1.4343,1466524800,1106
629,2016-06-23,2.0046,2.0046,-0.1892,1466611200,1105
630,2016-06-24,1.9848,1.9848,-0.9877,1466697600,1104
631,2016-06-27,2.0298,2.0298,2.2672,1466956800,1103
632,2016-06-28,2.0584,2.0584,1.409,1467043200,1102
633,2016-06-29,2.0683,2.0683,0.481,1467129600,1101
634,2016-06-30,2.0748,2.0748,0.3143,1467216000,1100
635,2016-07-01,2.0752,2.0752,0.0193,1467302400,1099
636,2016-07-04,2.1178,2.1178,2.0528,1467561600,1098
637,2016-07-05,2.1304,2.1304,0.595,1467648000,1097
638,2016-07-06,2.1411,2.1411,0.5023,1467734400,1096
639,2016-07-07,2.1463,2.1463,0.2429,1467820800,1095
640,2016-07-08,2.1419,2.1419,-0.205,1467907200,1094
641,2016-07-11,2.1416,2.1416,-0.014,1468166400,1093
642,2016-07-12,2.1701,2.1701,1.3308,1468252800,1092
643,2016-07-13,2.1915,2.1915,0.9861,1468339200,1091
644,2016-07-14,2.1992,2.1992,0.3514,1468425600,1090
645,2016-07-15,2.1988,2.1988,-0.0182,1468512000,1089
646,2016-07-18,2.1937,2.1937,-0.2319,1468771200,1088
647,2016-07-19,2.1968,2.1968,0.1413,1468857600,1087
648,2016-07-20,2.1967,2.1967,-0.0046,1468944000,1086
649,2016-07-21,2.2097,2.2097,0.5918,1469030400,1085
650,2016-07-22,2.1948,2.1948,-0.6743,1469116800,1084
651,2016-07-25,2.2002,2.2002,0.246,1469376000,1083
652,2016-07-26,2.2221,2.2221,0.9954,1469462400,1082
653,2016-07-27,2.1436,2.1436,-3.5327,1469548800,1081
654,2016-07-28,2.1481,2.1481,0.2099,1469635200,1080
655,2016-07-29,2.1359,2.1359,-0.5679,1469721600,1079
656,2016-08-01,2.1121,2.1121,-1.1143,1469980800,1078
657,2016-08-02,2.1325,2.1325,0.9659,1470067200,1077
658,2016-08-03,2.1435,2.1435,0.5158,1470153600,1076
659,2016-08-04,2.1551,2.1551,0.5412,1470240000,1075
660,2016-08-05,2.1494,2.1494,-0.2645,1470326400,1074
661,2016-08-08,2.1775,2.1775,1.3073,1470585600,1073
662,2016-08-09,2.1929,2.1929,0.7072,1470672000,1072
663,2016-08-10,2.1874,2.1874,-0.2508,1470758400,1071
664,2016-08-11,2.1556,2.1556,-1.4538,1470844800,1070
665,2016-08-12,2.1819,2.1819,1.2201,1470931200,1069
666,2016-08-15,2.2287,2.2287,2.1449,1471190400,1068
667,2016-08-16,2.241,2.241,0.5519,1471276800,1067
668,2016-08-17,2.2446,2.2446,0.1606,1471363200,1066
669,2016-08-18,2.2537,2.2537,0.4054,1471449600,1065
670,2016-08-19,2.2655,2.2655,0.5236,1471536000,1064
671,2016-08-22,2.2412,2.2412,-1.0726,1471795200,1063
672,2016-08-23,2.2447,2.2447,0.1562,1471881600,1062
673,2016-08-24,2.248,2.248,0.147,1471968000,1061
674,2016-08-25,2.2317,2.2317,-0.7251,1472054400,1060
675,2016-08-26,2.2432,2.2432,0.5153,1472140800,1059
676,2016-08-29,2.2542,2.2542,0.4904,1472400000,1058
677,2016-08-30,2.254,2.254,-0.0089,1472486400,1057
678,2016-08-31,2.2582,2.2582,0.1863,1472572800,1056
679,2016-09-01,2.2427,2.2427,-0.6864,1472659200,1055
680,2016-09-02,2.2361,2.2361,-0.2943,1472745600,1054
681,2016-09-05,2.2431,2.2431,0.313,1473004800,1053
682,2016-09-06,2.2798,2.2798,1.6361,1473091200,1052
683,2016-09-07,2.2817,2.2817,0.0833,1473177600,1051
684,2016-09-08,2.2894,2.2894,0.3375,1473264000,1050
685,2016-09-09,2.2775,2.2775,-0.5198,1473350400,1049
686,2016-09-12,2.22,2.22,-2.5247,1473609600,1048
687,2016-09-13,2.2317,2.2317,0.527,1473696000,1047
688,2016-09-14,2.2198,2.2198,-0.5332,1473782400,1046
689,2016-09-19,2.2437,2.2437,1.0767,1474214400,1045
690,2016-09-20,2.2442,2.2442,0.0223,1474300800,1044
691,2016-09-21,2.2488,2.2488,0.205,1474387200,1043
692,2016-09-22,2.2589,2.2589,0.4491,1474473600,1042
693,2016-09-23,2.2548,2.2548,-0.1815,1474560000,1041
694,2016-09-26,2.2141,2.2141,-1.805,1474819200,1040
695,2016-09-27,2.2302,2.2302,0.7272,1474905600,1039
696,2016-09-28,2.2295,2.2295,-0.0314,1474992000,1038
697,2016-09-29,2.2362,2.2362,0.3005,1475078400,1037
698,2016-09-30,2.2449,2.2449,0.3891,1475164800,1036
699,2016-10-10,2.2823,2.2823,1.666,1476028800,1035
700,2016-10-11,2.2942,2.2942,0.5214,1476115200,1034
701,2016-10-12,2.2972,2.2972,0.1308,1476201600,1033
702,2016-10-13,2.3005,2.3005,0.1437,1476288000,1032
703,2016-10-14,2.3038,2.3038,0.1434,1476374400,1031
704,2016-10-17,2.289,2.289,-0.6424,1476633600,1030
705,2016-10-18,2.3228,2.3228,1.4766,1476720000,1029
706,2016-10-19,2.3168,2.3168,-0.2583,1476806400,1028
707,2016-10-20,2.323,2.323,0.2676,1476892800,1027
708,2016-10-21,2.3166,2.3166,-0.2755,1476979200,1026
709,2016-10-24,2.3398,2.3398,1.0015,1477238400,1025
710,2016-10-25,2.3488,2.3488,0.3846,1477324800,1024
711,2016-10-26,2.3407,2.3407,-0.3449,1477411200,1023
712,2016-10-27,2.3378,2.3378,-0.1239,1477497600,1022
713,2016-10-28,2.3189,2.3189,-0.8085,1477584000,1021
714,2016-10-31,2.3196,2.3196,0.0302,1477843200,1020
715,2016-11-01,2.3351,2.3351,0.6682,1477929600,1019
716,2016-11-02,2.3157,2.3157,-0.8308,1478016000,1018
717,2016-11-03,2.3285,2.3285,0.5527,1478102400,1017
718,2016-11-04,2.3246,2.3246,-0.1675,1478188800,1016
719,2016-11-07,2.3274,2.3274,0.1205,1478448000,1015
720,2016-11-08,2.3391,2.3391,0.5027,1478534400,1014
721,2016-11-09,2.3238,2.3238,-0.6541,1478620800,1013
722,2016-11-10,2.3531,2.3531,1.2609,1478707200,1012
723,2016-11-11,2.3705,2.3705,0.7395,1478793600,1011
724,2016-11-14,2.3806,2.3806,0.4261,1479052800,1010
725,2016-11-15,2.3905,2.3905,0.4159,1479139200,1009
726,2016-11-16,2.3932,2.3932,0.1129,1479225600,1008
727,2016-11-17,2.3921,2.3921,-0.046,1479312000,1007
728,2016-11-18,2.3837,2.3837,-0.3512,1479398400,1006
729,2016-11-21,2.3882,2.3882,0.1888,1479657600,1005
730,2016-11-22,2.407,2.407,0.7872,1479744000,1004
731,2016-11-23,2.4008,2.4008,-0.2576,1479830400,1003
732,2016-11-24,2.3945,2.3945,-0.2624,1479916800,1002
733,2016-11-25,2.4031,2.4031,0.3592,1480003200,1001
734,2016-11-28,2.4083,2.4083,0.2164,1480262400,1000
735,2016-11-29,2.3899,2.3899,-0.764,1480348800,999
736,2016-11-30,2.3807,2.3807,-0.385,1480435200,998
737,2016-12-01,2.3952,2.3952,0.6091,1480521600,997
738,2016-12-02,2.3571,2.3571,-1.5907,1480608000,996
739,2016-12-05,2.3465,2.3465,-0.4497,1480867200,995
740,2016-12-06,2.3501,2.3501,0.1534,1480953600,994
741,2016-12-07,2.3709,2.3709,0.8851,1481040000,993
742,2016-12-08,2.3602,2.3602,-0.4513,1481126400,992
743,2016-12-09,2.3548,2.3548,-0.2288,1481212800,991
744,2016-12-12,2.2521,2.2521,-4.3613,1481472000,990
745,2016-12-13,2.2564,2.2564,0.1909,1481558400,989
746,2016-12-14,2.2415,2.2415,-0.6603,1481644800,988
747,2016-12-15,2.2579,2.2579,0.7317,1481731200,987
748,2016-12-16,2.2771,2.2771,0.8503,1481817600,986
749,2016-12-19,2.2756,2.2756,-0.0659,1482076800,985
750,2016-12-20,2.273,2.273,-0.1143,1482163200,984
751,2016-12-21,2.2905,2.2905,0.7699,1482249600,983
752,2016-12-22,2.2936,2.2936,0.1353,1482336000,982
753,2016-12-23,2.2737,2.2737,-0.8676,1482422400,981
754,2016-12-26,2.2804,2.2804,0.2947,1482681600,980
755,2016-12-27,2.2836,2.2836,0.1403,1482768000,979
756,2016-12-28,2.2766,2.2766,-0.3065,1482854400,978
757,2016-12-29,2.2734,2.2734,-0.1406,1482940800,977
758,2016-12-30,2.2802,2.2802,0.2991,1483027200,976
759,2016-12-31,2.2802,2.2802,0,1483113600,975
760,2017-01-03,2.2999,2.2999,0.864,1483372800,974
761,2017-01-04,2.3272,2.3272,1.187,1483459200,973
762,2017-01-05,2.3275,2.3275,0.0129,1483545600,972
763,2017-01-06,2.3164,2.3164,-0.4769,1483632000,971
764,2017-01-09,2.3295,2.3295,0.5655,1483891200,970
765,2017-01-10,2.3268,2.3268,-0.1159,1483977600,969
766,2017-01-11,2.3044,2.3044,-0.9627,1484064000,968
767,2017-01-12,2.2841,2.2841,-0.8809,1484150400,967
768,2017-01-13,2.2582,2.2582,-1.1339,1484236800,966
769,2017-01-16,2.1945,2.1945,-2.8208,1484496000,965
770,2017-01-17,2.2111,2.2111,0.7564,1484582400,964
771,2017-01-18,2.2086,2.2086,-0.1131,1484668800,963
772,2017-01-19,2.2042,2.2042,-0.1992,1484755200,962
773,2017-01-20,2.2335,2.2335,1.3293,1484841600,961
774,2017-01-23,2.2569,2.2569,1.0477,1485100800,960
775,2017-01-24,2.2556,2.2556,-0.0576,1485187200,959
776,2017-01-25,2.2613,2.2613,0.2527,1485273600,958
777,2017-01-26,2.2767,2.2767,0.681,1485360000,957
778,2017-02-03,2.2655,2.2655,-0.4919,1486051200,956
779,2017-02-06,2.2843,2.2843,0.8298,1486310400,955
780,2017-02-07,2.2832,2.2832,-0.0482,1486396800,954
781,2017-02-08,2.2974,2.2974,0.6219,1486483200,953
782,2017-02-09,2.3144,2.3144,0.74,1486569600,952
783,2017-02-10,2.3194,2.3194,0.216,1486656000,951
784,2017-02-13,2.331,2.331,0.5001,1486915200,950
785,2017-02-14,2.3296,2.3296,-0.0601,1487001600,949
786,2017-02-15,2.3115,2.3115,-0.777,1487088000,948
787,2017-02-16,2.3298,2.3298,0.7917,1487174400,947
788,2017-02-17,2.3147,2.3147,-0.6481,1487260800,946
789,2017-02-20,2.3422,2.3422,1.1881,1487520000,945
790,2017-02-21,2.3604,2.3604,0.777,1487606400,944
791,2017-02-22,2.3766,2.3766,0.6863,1487692800,943
792,2017-02-23,2.3778,2.3778,0.0505,1487779200,942
793,2017-02-24,2.3803,2.3803,0.1051,1487865600,941
794,2017-02-27,2.3622,2.3622,-0.7604,1488124800,940
795,2017-02-28,2.3713,2.3713,0.3852,1488211200,939
796,2017-03-01,2.3769,2.3769,0.2362,1488297600,938
797,2017-03-02,2.3723,2.3723,-0.1935,1488384000,937
798,2017-03-03,2.3821,2.3821,0.4131,1488470400,936
799,2017-03-06,2.4092,2.4092,1.1377,1488729600,935
800,2017-03-07,2.4124,2.4124,0.1328,1488816000,934
801,2017-03-08,2.4047,2.4047,-0.3192,1488902400,933
802,2017-03-09,2.3857,2.3857,-0.7901,1488988800,932
803,2017-03-10,2.3929,2.3929,0.3018,1489075200,931
804,2017-03-13,2.4113,2.4113,0.7689,1489334400,930
805,2017-03-14,2.4067,2.4067,-0.1908,1489420800,929
806,2017-03-15,2.4045,2.4045,-0.0914,1489507200,928
807,2017-03-16,2.4263,2.4263,0.9066,1489593600,927
808,2017-03-17,2.4104,2.4104,-0.6553,1489680000,926
809,2017-03-20,2.4182,2.4182,0.3236,1489939200,925
810,2017-03-21,2.4222,2.4222,0.1654,1490025600,924
811,2017-03-22,2.4096,2.4096,-0.5202,1490112000,923
812,2017-03-23,2.4105,2.4105,0.0374,1490198400,922
813,2017-03-24,2.4216,2.4216,0.4605,1490284800,921
814,2017-03-27,2.4121,2.4121,-0.3923,1490544000,920
815,2017-03-28,2.4076,2.4076,-0.1866,1490630400,919
816,2017-03-29,2.3955,2.3955,-0.5026,1490716800,918
817,2017-03-30,2.3593,2.3593,-1.5112,1490803200,917
818,2017-03-31,2.365,2.365,0.2416,1490889600,916
819,2017-04-05,2.4168,2.4168,2.1903,1491321600,915
820,2017-04-06,2.4279,2.4279,0.4593,1491408000,914
821,2017-04-07,2.4377,2.4377,0.4036,1491494400,913
822,2017-04-10,2.4345,2.4345,-0.1313,1491753600,912
823,2017-04-11,2.4606,2.4606,1.0721,1491840000,911
824,2017-04-12,2.4482,2.4482,-0.5039,1491926400,910
825,2017-04-13,2.4651,2.4651,0.6903,1492012800,909
826,2017-04-14,2.4335,2.4335,-1.2819,1492099200,908
827,2017-04-17,2.405,2.405,-1.1712,1492358400,907
828,2017-04-18,2.386,2.386,-0.79,1492444800,906
829,2017-04-19,2.3546,2.3546,-1.316,1492531200,905
830,2017-04-20,2.3482,2.3482,-0.2718,1492617600,904
831,2017-04-21,2.3388,2.3388,-0.4003,1492704000,903
832,2017-04-24,2.2846,2.2846,-2.3174,1492963200,902
833,2017-04-25,2.2889,2.2889,0.1882,1493049600,901
834,2017-04-26,2.2915,2.2915,0.1136,1493136000,900
835,2017-04-27,2.294,2.294,0.1091,1493222400,899
836,2017-04-28,2.3018,2.3018,0.34,1493308800,898
837,2017-05-02,2.2987,2.2987,-0.1347,1493654400,897
838,2017-05-03,2.2947,2.2947,-0.174,1493740800,896
839,2017-05-04,2.2877,2.2877,-0.3051,1493827200,895
840,2017-05-05,2.2592,2.2592,-1.2458,1493913600,894
841,2017-05-08,2.224,2.224,-1.5581,1494172800,893
842,2017-05-09,2.2378,2.2378,0.6205,1494259200,892
843,2017-05-10,2.1962,2.1962,-1.859,1494345600,891
844,2017-05-11,2.1834,2.1834,-0.5828,1494432000,890
845,2017-05-12,2.1804,2.1804,-0.1374,1494518400,889
846,2017-05-15,2.186,2.186,0.2568,1494777600,888
847,2017-05-16,2.2237,2.2237,1.7246,1494864000,887
848,2017-05-17,2.2299,2.2299,0.2788,1494950400,886
849,2017-05-18,2.217,2.217,-0.5785,1495036800,885
850,2017-05-19,2.2173,2.2173,0.0135,1495123200,884
851,2017-05-22,2.1831,2.1831,-1.5424,1495382400,883
852,2017-05-23,2.1369,2.1369,-2.1163,1495468800,882
853,2017-05-24,2.1444,2.1444,0.351,1495555200,881
854,2017-05-25,2.1645,2.1645,0.9373,1495641600,880
855,2017-05-26,2.1611,2.1611,-0.1571,1495728000,879
856,2017-05-31,2.1577,2.1577,-0.1573,1496160000,878
857,2017-06-01,2.1138,2.1138,-2.0346,1496246400,877
858,2017-06-02,2.1338,2.1338,0.9462,1496332800,876
859,2017-06-05,2.1505,2.1505,0.7826,1496592000,875
860,2017-06-06,2.1604,2.1604,0.4604,1496678400,874
861,2017-06-07,2.1998,2.1998,1.8237,1496764800,873
862,2017-06-08,2.1999,2.1999,0.0045,1496851200,872
863,2017-06-09,2.2036,2.2036,0.1682,1496937600,871
864,2017-06-12,2.1774,2.1774,-1.189,1497196800,870
865,2017-06-13,2.2052,2.2052,1.2768,1497283200,869
866,2017-06-14,2.2034,2.2034,-0.0816,1497369600,868
867,2017-06-15,2.226,2.226,1.0257,1497456000,867
868,2017-06-16,2.2239,2.2239,-0.0943,1497542400,866
869,2017-06-19,2.2387,2.2387,0.6655,1497801600,865
870,2017-06-20,2.242,2.242,0.1474,1497888000,864
871,2017-06-21,2.2452,2.2452,0.1427,1497974400,863
872,2017-06-22,2.2187,2.2187,-1.1803,1498060800,862
873,2017-06-23,2.2229,2.2229,0.1893,1498147200,861
874,2017-06-26,2.2644,2.2644,1.8669,1498406400,860
875,2017-06-27,2.2655,2.2655,0.0486,1498492800,859
876,2017-06-28,2.2574,2.2574,-0.3575,1498579200,858
877,2017-06-29,2.2712,2.2712,0.6113,1498665600,857
878,2017-06-30,2.282,2.282,0.4755,1498752000,856
879,2017-07-03,2.2986,2.2986,0.7274,1499011200,855
880,2017-07-04,2.2904,2.2904,-0.3567,1499097600,854
881,2017-07-05,2.3062,2.3062,0.6898,1499184000,853
882,2017-07-06,2.3096,2.3096,0.1474,1499270400,852
883,2017-07-07,2.324,2.324,0.6235,1499356800,851
884,2017-07-10,2.3228,2.3228,-0.0516,1499616000,850
885,2017-07-11,2.2947,2.2947,-1.2097,1499702400,849
886,2017-07-12,2.2921,2.2921,-0.1133,1499788800,848
887,2017-07-13,2.3008,2.3008,0.3796,1499875200,847
888,2017-07-14,2.293,2.293,-0.339,1499961600,846
889,2017-07-17,2.2033,2.2033,-3.9119,1500220800,845
890,2017-07-18,2.2271,2.2271,1.0802,1500307200,844
891,2017-07-19,2.2734,2.2734,2.0789,1500393600,843
892,2017-07-20,2.2849,2.2849,0.5059,1500480000,842
893,2017-07-21,2.302,2.302,0.7484,1500566400,841
894,2017-07-24,2.3227,2.3227,0.8992,1500825600,840
895,2017-07-25,2.3138,2.3138,-0.3832,1500912000,839
896,2017-07-26,2.3164,2.3164,0.1124,1500998400,838
897,2017-07-27,2.3341,2.3341,0.7641,1501084800,837
898,2017-07-28,2.3412,2.3412,0.3042,1501171200,836
899,2017-07-31,2.3701,2.3701,1.2344,1501430400,835
900,2017-08-01,2.3646,2.3646,-0.2321,1501516800,834
901,2017-08-02,2.3489,2.3489,-0.664,1501603200,833
902,2017-08-03,2.3541,2.3541,0.2214,1501689600,832
903,2017-08-04,2.3499,2.3499,-0.1784,1501776000,831
904,2017-08-07,2.3755,2.3755,1.0894,1502035200,830
905,2017-08-08,2.3748,2.3748,-0.0295,1502121600,829
906,2017-08-09,2.3881,2.3881,0.56,1502208000,828
907,2017-08-10,2.3649,2.3649,-0.9715,1502294400,827
908,2017-08-11,2.3163,2.3163,-2.0551,1502380800,826
909,2017-08-14,2.3627,2.3627,2.0032,1502640000,825
910,2017-08-15,2.3708,2.3708,0.3428,1502726400,824
911,2017-08-16,2.3801,2.3801,0.3923,1502812800,823
912,2017-08-17,2.4006,2.4006,0.8613,1502899200,822
913,2017-08-18,2.3959,2.3959,-0.1958,1502985600,821
914,2017-08-21,2.4122,2.4122,0.6803,1503244800,820
915,2017-08-22,2.3982,2.3982,-0.5804,1503331200,819
916,2017-08-23,2.3823,2.3823,-0.663,1503417600,818
917,2017-08-24,2.3709,2.3709,-0.4785,1503504000,817
918,2017-08-25,2.4004,2.4004,1.2443,1503590400,816
919,2017-08-28,2.4283,2.4283,1.1623,1503849600,815
920,2017-08-29,2.4223,2.4223,-0.2471,1503936000,814
921,2017-08-30,2.4368,2.4368,0.5986,1504022400,813
922,2017-08-31,2.4407,2.4407,0.16,1504108800,812
923,2017-09-01,2.4583,2.4583,0.7211,1504195200,811
924,2017-09-04,2.4757,2.4757,0.7078,1504454400,810
925,2017-09-05,2.4764,2.4764,0.0283,1504540800,809
926,2017-09-06,2.4849,2.4849,0.3432,1504627200,808
927,2017-09-07,2.474,2.474,-0.4386,1504713600,807
928,2017-09-08,2.4803,2.4803,0.2546,1504800000,806
929,2017-09-11,2.4999,2.4999,0.7902,1505059200,805
930,2017-09-12,2.4902,2.4902,-0.388,1505145600,804
931,2017-09-13,2.5025,2.5025,0.4939,1505232000,803
932,2017-09-14,2.4954,2.4954,-0.2837,1505318400,802
933,2017-09-15,2.4803,2.4803,-0.6051,1505404800,801
934,2017-09-18,2.5016,2.5016,0.8588,1505664000,800
935,2017-09-19,2.4924,2.4924,-0.3678,1505750400,799
936,2017-09-20,2.5116,2.5116,0.7703,1505836800,798
937,2017-09-21,2.4859,2.4859,-1.0233,1505923200,797
938,2017-09-22,2.4724,2.4724,-0.5431,1506009600,796
939,2017-09-25,2.4485,2.4485,-0.9667,1506268800,795
940,2017-09-26,2.4519,2.4519,0.1389,1506355200,794
941,2017-09-27,2.4748,2.4748,0.934,1506441600,793
942,2017-09-28,2.4701,2.4701,-0.1899,1506528000,792
943,2017-09-29,2.4887,2.4887,0.753,1506614400,791
944,2017-10-09,2.5156,2.5156,1.0809,1507478400,790
945,2017-10-10,2.5267,2.5267,0.4412,1507564800,789
946,2017-10-11,2.5205,2.5205,-0.2454,1507651200,788
947,2017-10-12,2.5172,2.5172,-0.1309,1507737600,787
948,2017-10-13,2.5344,2.5344,0.6833,1507824000,786
949,2017-10-16,2.506,2.506,-1.1206,1508083200,785
950,2017-10-17,2.5017,2.5017,-0.1716,1508169600,784
951,2017-10-18,2.4801,2.4801,-0.8634,1508256000,783
952,2017-10-19,2.4543,2.4543,-1.0403,1508342400,782
953,2017-10-20,2.4785,2.4785,0.986,1508428800,781
954,2017-10-23,2.4931,2.4931,0.5891,1508688000,780
955,2017-10-24,2.4881,2.4881,-0.2006,1508774400,779
956,2017-10-25,2.5035,2.5035,0.6189,1508860800,778
957,2017-10-26,2.5154,2.5154,0.4753,1508947200,777
958,2017-10-27,2.5004,2.5004,-0.5963,1509033600,776
959,2017-10-30,2.4561,2.4561,-1.7717,1509292800,775
960,2017-10-31,2.4692,2.4692,0.5334,1509379200,774
961,2017-11-01,2.4629,2.4629,-0.2551,1509465600,773
962,2017-11-02,2.4374,2.4374,-1.0354,1509552000,772
963,2017-11-03,2.4148,2.4148,-0.9272,1509638400,771
964,2017-11-06,2.4405,2.4405,1.0643,1509897600,770
965,2017-11-07,2.4497,2.4497,0.377,1509984000,769
966,2017-11-08,2.4545,2.4545,0.1959,1510070400,768
967,2017-11-09,2.4694,2.4694,0.607,1510156800,767
968,2017-11-10,2.4767,2.4767,0.2956,1510243200,766
969,2017-11-13,2.4824,2.4824,0.2301,1510502400,765
970,2017-11-14,2.4663,2.4663,-0.6486,1510588800,764
971,2017-11-15,2.4431,2.4431,-0.9407,1510675200,763
972,2017-11-16,2.4452,2.4452,0.086,1510761600,762
973,2017-11-17,2.3789,2.3789,-2.7114,1510848000,761
974,2017-11-20,2.3908,2.3908,0.5002,1511107200,760
975,2017-11-21,2.3969,2.3969,0.2551,1511193600,759
976,2017-11-22,2.3914,2.3914,-0.2295,1511280000,758
977,2017-11-23,2.3397,2.3397,-2.1619,1511366400,757
978,2017-11-24,2.3409,2.3409,0.0513,1511452800,756
979,2017-11-27,2.3198,2.3198,-0.9014,1511712000,755
980,2017-11-28,2.3592,2.3592,1.6984,1511798400,754
981,2017-11-29,2.3738,2.3738,0.6189,1511884800,753
982,2017-11-30,2.3535,2.3535,-0.8552,1511971200,752
983,2017-12-01,2.3733,2.3733,0.8413,1512057600,751
984,2017-12-04,2.3585,2.3585,-0.6236,1512316800,750
985,2017-12-05,2.3055,2.3055,-2.2472,1512403200,749
986,2017-12-06,2.3187,2.3187,0.5725,1512489600,748
987,2017-12-07,2.3059,2.3059,-0.552,1512576000,747
988,2017-12-08,2.3349,2.3349,1.2576,1512662400,746
989,2017-12-11,2.3642,2.3642,1.2549,1512921600,745
990,2017-12-12,2.344,2.344,-0.8544,1513008000,744
991,2017-12-13,2.3557,2.3557,0.4991,1513094400,743
992,2017-12-14,2.3533,2.3533,-0.1019,1513180800,742
993,2017-12-15,2.3338,2.3338,-0.8286,1513267200,741
994,2017-12-18,2.3294,2.3294,-0.1885,1513526400,740
995,2017-12-19,2.3484,2.3484,0.8157,1513612800,739
996,2017-12-20,2.326,2.326,-0.9538,1513699200,738
997,2017-12-21,2.3402,2.3402,0.6105,1513785600,737
998,2017-12-22,2.3406,2.3406,0.0171,1513872000,736
999,2017-12-25,2.3189,2.3189,-0.9271,1514131200,735
1000,2017-12-26,2.3339,2.3339,0.6469,1514217600,734
1001,2017-12-27,2.3233,2.3233,-0.4542,1514304000,733
1002,2017-12-28,2.3354,2.3354,0.5208,1514390400,732
1003,2017-12-29,2.3536,2.3536,0.7793,1514476800,731
1004,2017-12-31,2.3535,2.3535,0,1514649600,730
1005,2018-01-02,2.3855,2.3855,1.3554,1514822400,729
1006,2018-01-03,2.4116,2.4116,1.0941,1514908800,728
1007,2018-01-04,2.4263,2.4263,0.6096,1514995200,727
1008,2018-01-05,2.4279,2.4279,0.0659,1515081600,726
1009,2018-01-08,2.4412,2.4412,0.5478,1515340800,725
1010,2018-01-09,2.4449,2.4449,0.1516,1515427200,724
1011,2018-01-10,2.4278,2.4278,-0.6994,1515513600,723
1012,2018-01-11,2.4401,2.4401,0.5066,1515600000,722
1013,2018-01-12,2.4278,2.4278,-0.5041,1515686400,721
1014,2018-01-15,2.372,2.372,-2.2984,1515945600,720
1015,2018-01-16,2.3844,2.3844,0.5228,1516032000,719
1016,2018-01-17,2.381,2.381,-0.1426,1516118400,718
1017,2018-01-18,2.3873,2.3873,0.2646,1516204800,717
1018,2018-01-19,2.3803,2.3803,-0.2932,1516291200,716
1019,2018-01-22,2.4118,2.4118,1.3234,1516550400,715
1020,2018-01-23,2.4159,2.4159,0.17,1516636800,714
1021,2018-01-24,2.4283,2.4283,0.5133,1516723200,713
1022,2018-01-25,2.4252,2.4252,-0.1277,1516809600,712
1023,2018-01-26,2.4319,2.4319,0.2763,1516896000,711
1024,2018-01-29,2.4064,2.4064,-1.0486,1517155200,710
1025,2018-01-30,2.4075,2.4075,0.0457,1517241600,709
1026,2018-01-31,2.3739,2.3739,-1.3956,1517328000,708
1027,2018-02-01,2.3075,2.3075,-2.7971,1517414400,707
1028,2018-02-02,2.3134,2.3134,0.2557,1517500800,706
1029,2018-02-05,2.3094,2.3094,-0.1729,1517760000,705
1030,2018-02-06,2.2067,2.2067,-4.447,1517846400,704
1031,2018-02-07,2.2008,2.2008,-0.2674,1517932800,703
1032,2018-02-08,2.2209,2.2209,0.9133,1518019200,702
1033,2018-02-09,2.14,2.14,-3.6427,1518105600,701
1034,2018-02-12,2.1923,2.1923,2.4439,1518364800,700
1035,2018-02-13,2.2056,2.2056,0.6067,1518451200,699
1036,2018-02-14,2.2119,2.2119,0.2856,1518537600,698
1037,2018-02-22,2.2569,2.2569,2.0345,1519228800,697
1038,2018-02-23,2.2665,2.2665,0.4254,1519315200,696
1039,2018-02-26,2.3158,2.3158,2.1752,1519574400,695
1040,2018-02-27,2.3128,2.3128,-0.1295,1519660800,694
1041,2018-02-28,2.3238,2.3238,0.4756,1519747200,693
1042,2018-03-01,2.3513,2.3513,1.1834,1519833600,692
1043,2018-03-02,2.3406,2.3406,-0.4551,1519920000,691
1044,2018-03-05,2.3466,2.3466,0.2563,1520179200,690
1045,2018-03-06,2.3786,2.3786,1.3637,1520265600,689
1046,2018-03-07,2.3577,2.3577,-0.8787,1520352000,688
1047,2018-03-08,2.3755,2.3755,0.755,1520438400,687
1048,2018-03-09,2.4047,2.4047,1.2292,1520524800,686
1049,2018-03-12,2.434,2.434,1.2184,1520784000,685
1050,2018-03-13,2.4182,2.4182,-0.6491,1520870400,684
1051,2018-03-14,2.3971,2.3971,-0.8725,1520956800,683
1052,2018-03-15,2.3867,2.3867,-0.4339,1521043200,682
1053,2018-03-16,2.3731,2.3731,-0.5698,1521129600,681
1054,2018-03-19,2.3715,2.3715,-0.0674,1521388800,680
1055,2018-03-20,2.378,2.378,0.2741,1521475200,679
1056,2018-03-21,2.3611,2.3611,-0.7107,1521561600,678
1057,2018-03-22,2.3476,2.3476,-0.5718,1521648000,677
1058,2018-03-23,2.2168,2.2168,-5.5716,1521734400,676
1059,2018-03-26,2.2525,2.2525,1.6104,1521993600,675
1060,2018-03-27,2.3003,2.3003,2.1221,1522080000,674
1061,2018-03-28,2.2827,2.2827,-0.7651,1522166400,673
1062,2018-03-29,2.3052,2.3052,0.9857,1522252800,672
1063,2018-03-30,2.3292,2.3292,1.0411,1522339200,671
1064,2018-04-02,2.3254,2.3254,-0.1631,1522598400,670
1065,2018-04-03,2.301,2.301,-1.0493,1522684800,669
1066,2018-04-04,2.2844,2.2844,-0.7214,1522771200,668
1067,2018-04-09,2.2866,2.2866,0.0963,1523203200,667
1068,2018-04-10,2.3035,2.3035,0.7391,1523289600,666
1069,2018-04-11,2.316,2.316,0.5427,1523376000,665
1070,2018-04-12,2.2995,2.2995,-0.7124,1523462400,664
1071,2018-04-13,2.2922,2.2922,-0.3175,1523548800,663
1072,2018-04-16,2.2714,2.2714,-0.9074,1523808000,662
1073,2018-04-17,2.2298,2.2298,-1.8315,1523894400,661
1074,2018-04-18,2.2553,2.2553,1.1436,1523980800,660
1075,2018-04-19,2.2731,2.2731,0.7893,1524067200,659
1076,2018-04-20,2.2259,2.2259,-2.0765,1524153600,658
1077,2018-04-23,2.2076,2.2076,-0.8221,1524412800,657
1078,2018-04-24,2.2559,2.2559,2.1879,1524499200,656
1079,2018-04-25,2.2631,2.2631,0.3192,1524585600,655
1080,2018-04-26,2.2256,2.2256,-1.657,1524672000,654
1081,2018-04-27,2.2321,2.2321,0.2921,1524758400,653
1082,2018-05-02,2.2275,2.2275,-0.2061,1525190400,652
1083,2018-05-03,2.2513,2.2513,1.0685,1525276800,651
1084,2018-05-04,2.2492,2.2492,-0.0933,1525363200,650
1085,2018-05-07,2.2868,2.2868,1.6717,1525622400,649
1086,2018-05-08,2.2998,2.2998,0.5685,1525708800,648
1087,2018-05-09,2.2963,2.2963,-0.1522,1525795200,647
1088,2018-05-10,2.3,2.3,0.1611,1525881600,646
1089,2018-05-11,2.2853,2.2853,-0.6391,1525968000,645
1090,2018-05-14,2.2797,2.2797,-0.245,1526227200,644
1091,2018-05-15,2.2995,2.2995,0.8685,1526313600,643
1092,2018-05-16,2.2969,2.2969,-0.1131,1526400000,642
1093,2018-05-17,2.2887,2.2887,-0.357,1526486400,641
1094,2018-05-18,2.2938,2.2938,0.2228,1526572800,640
1095,2018-05-21,2.3244,2.3244,1.334,1526832000,639
1096,2018-05-22,2.3325,2.3325,0.3485,1526918400,638
1097,2018-05-23,2.3015,2.3015,-1.329,1527004800,637
1098,2018-05-24,2.2953,2.2953,-0.2694,1527091200,636
1099,2018-05-25,2.2698,2.2698,-1.111,1527177600,635
1100,2018-05-28,2.254,2.254,-0.6961,1527436800,634
1101,2018-05-29,2.2382,2.2382,-0.701,1527523200,633
1102,2018-05-30,2.1738,2.1738,-2.8773,1527609600,632
1103,2018-05-31,2.2008,2.2008,1.2421,1527696000,631
1104,2018-06-01,2.1831,2.1831,-0.8043,1527782400,630
1105,2018-06-04,2.184,2.184,0.0412,1528041600,629
1106,2018-06-05,2.2157,2.2157,1.4515,1528128000,628
1107,2018-06-06,2.2161,2.2161,0.0181,1528214400,627
1108,2018-06-07,2.201,2.201,-0.6814,1528300800,626
1109,2018-06-08,2.1864,2.1864,-0.6633,1528387200,625
1110,2018-06-11,2.1781,2.1781,-0.3796,1528646400,624
1111,2018-06-12,2.2042,2.2042,1.1983,1528732800,623
1112,2018-06-13,2.175,2.175,-1.3247,1528819200,622
1113,2018-06-14,2.1643,2.1643,-0.492,1528905600,621
1114,2018-06-15,2.1257,2.1257,-1.7835,1528992000,620
1115,2018-06-19,1.9971,1.9971,-6.0498,1529337600,619
1116,2018-06-20,2.0233,2.0233,1.3119,1529424000,618
1117,2018-06-21,1.9826,1.9826,-2.0116,1529510400,617
1118,2018-06-22,2.0114,2.0114,1.4526,1529596800,616
1119,2018-06-25,1.9971,1.9971,-0.7109,1529856000,615
1120,2018-06-26,2.0097,2.0097,0.6309,1529942400,614
1121,2018-06-27,1.9893,1.9893,-1.0151,1530028800,613
1122,2018-06-28,1.9703,1.9703,-0.9551,1530115200,612
1123,2018-06-29,2.0322,2.0322,3.1417,1530201600,611
1124,2018-06-30,2.0322,2.0322,0,1530288000,610
1125,2018-07-02,1.9966,1.9966,-1.7518,1530460800,609
1126,2018-07-03,2.0207,2.0207,1.2071,1530547200,608
1127,2018-07-04,1.9888,1.9888,-1.5787,1530633600,607
1128,2018-07-05,1.9349,1.9349,-2.7102,1530720000,606
1129,2018-07-06,1.9431,1.9431,0.4238,1530806400,605
1130,2018-07-09,1.9879,1.9879,2.3056,1531065600,604
1131,2018-07-10,2.0003,2.0003,0.6238,1531152000,603
1132,2018-07-11,1.9547,1.9547,-2.2797,1531238400,602
1133,2018-07-12,2.0124,2.0124,2.9519,1531324800,601
1134,2018-07-13,2.0258,2.0258,0.6659,1531411200,600
1135,2018-07-16,2.0244,2.0244,-0.0691,1531670400,599
1136,2018-07-17,2.0215,2.0215,-0.1433,1531756800,598
1137,2018-07-18,2.0105,2.0105,-0.5442,1531843200,597
1138,2018-07-19,1.9914,1.9914,-0.95,1531929600,596
1139,2018-07-20,2.0135,2.0135,1.1098,1532016000,595
1140,2018-07-23,2.0292,2.0292,0.7797,1532275200,594
1141,2018-07-24,2.0766,2.0766,2.3359,1532361600,593
1142,2018-07-25,2.0739,2.0739,-0.13,1532448000,592
1143,2018-07-26,2.0604,2.0604,-0.6509,1532534400,591
1144,2018-07-27,2.0495,2.0495,-0.529,1532620800,590
1145,2018-07-30,2.0244,2.0244,-1.2247,1532880000,589
1146,2018-07-31,2.0214,2.0214,-0.1482,1532966400,588
1147,2018-08-01,1.989,1.989,-1.6028,1533052800,587
1148,2018-08-02,1.9348,1.9348,-2.725,1533139200,586
1149,2018-08-03,1.9132,1.9132,-1.1164,1533225600,585
1150,2018-08-06,1.8734,1.8734,-2.0803,1533484800,584
1151,2018-08-07,1.9184,1.9184,2.402,1533571200,583
1152,2018-08-08,1.8891,1.8891,-1.5273,1533657600,582
1153,2018-08-09,1.9338,1.9338,2.3662,1533744000,581
1154,2018-08-10,1.9449,1.9449,0.574,1533830400,580
1155,2018-08-13,1.9547,1.9547,0.5039,1534089600,579
1156,2018-08-14,1.9482,1.9482,-0.3325,1534176000,578
1157,2018-08-15,1.9041,1.9041,-2.2636,1534262400,577
1158,2018-08-16,1.8879,1.8879,-0.8508,1534348800,576
1159,2018-08-17,1.86,1.86,-1.4778,1534435200,575
1160,2018-08-20,1.8703,1.8703,0.5538,1534694400,574
1161,2018-08-21,1.8908,1.8908,1.0961,1534780800,573
1162,2018-08-22,1.87,1.87,-1.1001,1534867200,572
1163,2018-08-23,1.8776,1.8776,0.4064,1534953600,571
1164,2018-08-24,1.872,1.872,-0.2983,1535040000,570
1165,2018-08-27,1.9148,1.9148,2.2863,1535299200,569
1166,2018-08-28,1.9177,1.9177,0.1515,1535385600,568
1167,2018-08-29,1.9047,1.9047,-0.6779,1535472000,567
1168,2018-08-30,1.8785,1.8785,-1.3755,1535558400,566
1169,2018-08-31,1.8563,1.8563,-1.1818,1535644800,565
1170,2018-09-03,1.8605,1.8605,0.2263,1535904000,564
1171,2018-09-04,1.8768,1.8768,0.8761,1535990400,563
1172,2018-09-05,1.8482,1.8482,-1.5239,1536076800,562
1173,2018-09-06,1.8376,1.8376,-0.5735,1536163200,561
1174,2018-09-07,1.8367,1.8367,-0.049,1536249600,560
1175,2018-09-10,1.8015,1.8015,-1.9165,1536508800,559
1176,2018-09-11,1.7968,1.7968,-0.2609,1536595200,558
1177,2018-09-12,1.7934,1.7934,-0.1892,1536681600,557
1178,2018-09-13,1.8042,1.8042,0.6022,1536768000,556
1179,2018-09-14,1.7874,1.7874,-0.9312,1536854400,555
1180,2018-09-17,1.7595,1.7595,-1.5609,1537113600,554
1181,2018-09-18,1.7911,1.7911,1.796,1537200000,553
1182,2018-09-19,1.813,1.813,1.2227,1537286400,552
1183,2018-09-20,1.8103,1.8103,-0.1489,1537372800,551
1184,2018-09-21,1.8401,1.8401,1.6461,1537459200,550
1185,2018-09-25,1.8355,1.8355,-0.25,1537804800,549
1186,2018-09-26,1.846,1.846,0.5721,1537891200,548
1187,2018-09-27,1.8251,1.8251,-1.1322,1537977600,547
1188,2018-09-28,1.8423,1.8423,0.9424,1538064000,546
1189,2018-10-08,1.7809,1.7809,-3.3328,1538928000,545
1190,2018-10-09,1.7761,1.7761,-0.2695,1539014400,544
1191,2018-10-10,1.7765,1.7765,0.0225,1539100800,543
1192,2018-10-11,1.6609,1.6609,-6.5072,1539187200,542
1193,2018-10-12,1.6548,1.6548,-0.3673,1539273600,541
1194,2018-10-15,1.6286,1.6286,-1.5833,1539532800,540
1195,2018-10-16,1.5953,1.5953,-2.0447,1539619200,539
1196,2018-10-17,1.6067,1.6067,0.7146,1539705600,538
1197,2018-10-18,1.5666,1.5666,-2.4958,1539792000,537
1198,2018-10-19,1.6052,1.6052,2.4639,1539878400,536
1199,2018-10-22,1.6791,1.6791,4.6038,1540137600,535
1200,2018-10-23,1.6487,1.6487,-1.8105,1540224000,534
1201,2018-10-24,1.6432,1.6432,-0.3336,1540310400,533
1202,2018-10-25,1.6355,1.6355,-0.4686,1540396800,532
1203,2018-10-26,1.6353,1.6353,-0.0122,1540483200,531
1204,2018-10-29,1.609,1.609,-1.6083,1540742400,530
1205,2018-10-30,1.6234,1.6234,0.895,1540828800,529
1206,2018-10-31,1.6475,1.6475,1.4845,1540915200,528
1207,2018-11-01,1.6571,1.6571,0.5827,1541001600,527
1208,2018-11-02,1.7101,1.7101,3.1984,1541088000,526
1209,2018-11-05,1.7109,1.7109,0.0468,1541347200,525
1210,2018-11-06,1.7118,1.7118,0.0526,1541433600,524
1211,2018-11-07,1.7033,1.7033,-0.4966,1541520000,523
1212,2018-11-08,1.6919,1.6919,-0.6693,1541606400,522
1213,2018-11-09,1.6889,1.6889,-0.1773,1541692800,521
1214,2018-11-12,1.7257,1.7257,2.1789,1541952000,520
1215,2018-11-13,1.7518,1.7518,1.5124,1542038400,519
1216,2018-11-14,1.7465,1.7465,-0.3025,1542124800,518
1217,2018-11-15,1.7691,1.7691,1.294,1542211200,517
1218,2018-11-16,1.7822,1.7822,0.7405,1542297600,516
1219,2018-11-19,1.7841,1.7841,0.1066,1542556800,515
1220,2018-11-20,1.7383,1.7383,-2.5671,1542643200,514
1221,2018-11-21,1.7436,1.7436,0.3049,1542729600,513
1222,2018-11-22,1.7404,1.7404,-0.1835,1542816000,512
1223,2018-11-23,1.6813,1.6813,-3.3958,1542902400,511
1224,2018-11-26,1.6756,1.6756,-0.339,1543161600,510
1225,2018-11-27,1.6825,1.6825,0.4118,1543248000,509
1226,2018-11-28,1.7037,1.7037,1.26,1543334400,508
1227,2018-11-29,1.6718,1.6718,-1.8724,1543420800,507
1228,2018-11-30,1.6831,1.6831,0.6759,1543507200,506
1229,2018-12-03,1.7328,1.7328,2.9529,1543766400,505
1230,2018-12-04,1.7407,1.7407,0.4559,1543852800,504
1231,2018-12-05,1.7328,1.7328,-0.4538,1543939200,503
1232,2018-12-06,1.7001,1.7001,-1.8871,1544025600,502
1233,2018-12-07,1.7002,1.7002,0.0059,1544112000,501
1234,2018-12-10,1.6816,1.6816,-1.094,1544371200,500
1235,2018-12-11,1.6928,1.6928,0.666,1544457600,499
1236,2018-12-12,1.6943,1.6943,0.0886,1544544000,498
1237,2018-12-13,1.7142,1.7142,1.1745,1544630400,497
1238,2018-12-14,1.6792,1.6792,-2.0418,1544716800,496
1239,2018-12-17,1.6703,1.6703,-0.53,1544976000,495
1240,2018-12-18,1.6598,1.6598,-0.6286,1545062400,494
1241,2018-12-19,1.6373,1.6373,-1.3556,1545148800,493
1242,2018-12-20,1.6407,1.6407,0.2077,1545235200,492
1243,2018-12-21,1.6308,1.6308,-0.6034,1545321600,491
1244,2018-12-24,1.6495,1.6495,1.1467,1545580800,490
1245,2018-12-25,1.6337,1.6337,-0.9579,1545667200,489
1246,2018-12-26,1.6295,1.6295,-0.2571,1545753600,488
1247,2018-12-27,1.6133,1.6133,-0.9942,1545840000,487
1248,2018-12-28,1.6148,1.6148,0.093,1545926400,486
1249,2018-12-31,1.6147,1.6147,0,1546185600,485
1250,2019-01-02,1.6,1.6,-0.9165,1546358400,484
1251,2019-01-03,1.5907,1.5907,-0.5813,1546444800,483
1252,2019-01-04,1.626,1.626,2.2191,1546531200,482
1253,2019-01-07,1.656,1.656,1.845,1546790400,481
1254,2019-01-08,1.654,1.654,-0.1208,1546876800,480
1255,2019-01-09,1.6583,1.6583,0.26,1546963200,479
1256,2019-01-10,1.6549,1.6549,-0.205,1547049600,478
1257,2019-01-11,1.6638,1.6638,0.5378,1547136000,477
1258,2019-01-14,1.6534,1.6534,-0.6251,1547395200,476
1259,2019-01-15,1.6738,1.6738,1.2338,1547481600,475
1260,2019-01-16,1.6719,1.6719,-0.1135,1547568000,474
1261,2019-01-17,1.6585,1.6585,-0.8015,1547654400,473
1262,2019-01-18,1.6754,1.6754,1.019,1547740800,472
1263,2019-01-21,1.6863,1.6863,0.6506,1548000000,471
1264,2019-01-22,1.6655,1.6655,-1.2335,1548086400,470
1265,2019-01-23,1.6672,1.6672,0.1021,1548172800,469
1266,2019-01-24,1.6765,1.6765,0.5578,1548259200,468
1267,2019-01-25,1.6712,1.6712,-0.3161,1548345600,467
1268,2019-01-28,1.6686,1.6686,-0.1556,1548604800,466
1269,2019-01-29,1.6518,1.6518,-1.0068,1548691200,465
1270,2019-01-30,1.6373,1.6373,-0.8778,1548777600,464
1271,2019-01-31,1.6268,1.6268,-0.6413,1548864000,463
1272,2019-02-01,1.6673,1.6673,2.4896,1548950400,462
1273,2019-02-11,1.7048,1.7048,2.2491,1549814400,461
1274,2019-02-12,1.7177,1.7177,0.7567,1549900800,460
1275,2019-02-13,1.7417,1.7417,1.3972,1549987200,459
1276,2019-02-14,1.7485,1.7485,0.3904,1550073600,458
1277,2019-02-15,1.7377,1.7377,-0.6177,1550160000,457
1278,2019-02-18,1.7944,1.7944,3.2629,1550419200,456
1279,2019-02-19,1.7936,1.7936,-0.0446,1550505600,455
1280,2019-02-20,1.7956,1.7956,0.1115,1550592000,454
1281,2019-02-21,1.7882,1.7882,-0.4121,1550678400,453
1282,2019-02-22,1.8267,1.8267,2.153,1550764800,452
1283,2019-02-25,1.9182,1.9182,5.009,1551024000,451
1284,2019-02-26,1.9185,1.9185,0.0156,1551110400,450
1285,2019-02-27,1.9142,1.9142,-0.2241,1551196800,449
1286,2019-02-28,1.9201,1.9201,0.3082,1551283200,448
1287,2019-03-01,1.9316,1.9316,0.5989,1551369600,447
1288,2019-03-04,1.9625,1.9625,1.5997,1551628800,446
1289,2019-03-05,2.0064,2.0064,2.2369,1551715200,445
1290,2019-03-06,2.041,2.041,1.7245,1551801600,444
1291,2019-03-07,2.0663,2.0663,1.2396,1551888000,443
1292,2019-03-08,1.9861,1.9861,-3.8813,1551974400,442
1293,2019-03-11,2.0619,2.0619,3.8165,1552233600,441
1294,2019-03-12,2.0981,2.0981,1.7557,1552320000,440
1295,2019-03-13,2.0582,2.0582,-1.9017,1552406400,439
1296,2019-03-14,2.0207,2.0207,-1.822,1552492800,438
1297,2019-03-15,2.0449,2.0449,1.1976,1552579200,437
1298,2019-03-18,2.0948,2.0948,2.4402,1552838400,436
1299,2019-03-19,2.0999,2.0999,0.2435,1552924800,435
1300,2019-03-20,2.0974,2.0974,-0.1191,1553011200,434
1301,2019-03-21,2.1227,2.1227,1.2063,1553097600,433
1302,2019-03-22,2.1333,2.1333,0.4994,1553184000,432
1303,2019-03-25,2.1106,2.1106,-1.0641,1553443200,431
1304,2019-03-26,2.0589,2.0589,-2.4495,1553529600,430
1305,2019-03-27,2.0787,2.0787,0.9617,1553616000,429
1306,2019-03-28,2.0568,2.0568,-1.0535,1553702400,428
1307,2019-03-29,2.1166,2.1166,2.9074,1553788800,427
1308,2019-04-01,2.19,2.19,3.4678,1554048000,426
1309,2019-04-02,2.1907,2.1907,0.032,1554134400,425
1310,2019-04-03,2.2155,2.2155,1.1321,1554220800,424
1311,2019-04-04,2.2259,2.2259,0.4694,1554307200,423
1312,2019-04-08,2.2099,2.2099,-0.7188,1554652800,422
1313,2019-04-09,2.2177,2.2177,0.353,1554739200,421
1314,2019-04-10,2.2163,2.2163,-0.0631,1554825600,420
1315,2019-04-11,2.1794,2.1794,-1.6649,1554912000,419
1316,2019-04-12,2.1766,2.1766,-0.1285,1554998400,418
1317,2019-04-15,2.1543,2.1543,-1.0245,1555257600,417
1318,2019-04-16,2.1928,2.1928,1.7871,1555344000,416
1319,2019-04-17,2.2036,2.2036,0.4925,1555430400,415
1320,2019-04-18,2.1946,2.1946,-0.4084,1555516800,414
1321,2019-04-19,2.2034,2.2034,0.401,1555603200,413
1322,2019-04-22,2.1757,2.1757,-1.2571,1555862400,412
1323,2019-04-23,2.1448,2.1448,-1.4202,1555948800,411
1324,2019-04-24,2.1621,2.1621,0.8066,1556035200,410
1325,2019-04-25,2.0908,2.0908,-3.2977,1556121600,409
1326,2019-04-26,2.0735,2.0735,-0.8274,1556208000,408
1327,2019-04-29,2.0252,2.0252,-2.3294,1556467200,407
1328,2019-04-30,2.0382,2.0382,0.6419,1556553600,406
1329,2019-05-06,1.8985,1.8985,-6.8541,1557072000,405
1330,2019-05-07,1.9211,1.9211,1.1904,1557158400,404
1331,2019-05-08,1.9134,1.9134,-0.4008,1557244800,403
1332,2019-05-09,1.8931,1.8931,-1.0609,1557331200,402
1333,2019-05-10,1.9528,1.9528,3.1536,1557417600,401
1334,2019-05-13,1.9331,1.9331,-1.0088,1557676800,400
1335,2019-05-14,1.9222,1.9222,-0.5639,1557763200,399
1336,2019-05-15,1.9615,1.9615,2.0445,1557849600,398
1337,2019-05-16,1.9719,1.9719,0.5302,1557936000,397
1338,2019-05-17,1.9123,1.9123,-3.0225,1558022400,396
1339,2019-05-20,1.9069,1.9069,-0.2824,1558281600,395
1340,2019-05-21,1.9383,1.9383,1.6467,1558368000,394
1341,2019-05-22,1.928,1.928,-0.5314,1558454400,393
1342,2019-05-23,1.8901,1.8901,-1.9658,1558540800,392
1343,2019-05-24,1.8822,1.8822,-0.418,1558627200,391
1344,2019-05-27,1.9263,1.9263,2.343,1558886400,390
1345,2019-05-28,1.9266,1.9266,0.0156,1558972800,389
1346,2019-05-29,1.9262,1.9262,-0.0208,1559059200,388
1347,2019-05-30,1.9148,1.9148,-0.5918,1559145600,387
1348,2019-05-31,1.9117,1.9117,-0.1619,1559232000,386
1349,2019-06-03,1.8928,1.8928,-0.9886,1559491200,385
1350,2019-06-04,1.8724,1.8724,-1.0778,1559577600,384
1351,2019-06-05,1.8709,1.8709,-0.0801,1559664000,383
1352,2019-06-06,1.8321,1.8321,-2.0739,1559750400,382
1353,2019-06-10,1.8469,1.8469,0.8078,1560096000,381
1354,2019-06-11,1.9114,1.9114,3.4923,1560182400,380
1355,2019-06-12,1.897,1.897,-0.7534,1560268800,379
1356,2019-06-13,1.9054,1.9054,0.4428,1560355200,378
1357,2019-06-14,1.8759,1.8759,-1.5482,1560441600,377
1358,2019-06-17,1.8764,1.8764,0.0267,1560700800,376
1359,2019-06-18,1.8761,1.8761,-0.016,1560787200,375
1360,2019-06-19,1.9005,1.9005,1.3006,1560873600,374
1361,2019-06-20,1.9378,1.9378,1.9626,1560960000,373
1362,2019-06-21,1.9632,1.9632,1.3108,1561046400,372
1363,2019-06-24,1.9646,1.9646,0.0713,1561305600,371
1364,2019-06-25,1.9496,1.9496,-0.7635,1561392000,370
1365,2019-06-26,1.945,1.945,-0.2359,1561478400,369
1366,2019-06-27,1.9634,1.9634,0.946,1561564800,368
1367,2019-06-28,1.9445,1.9445,-0.9626,1561651200,367
1368,2019-06-30,1.9444,1.9444,0,1561824000,366
1369,2019-07-01,1.9994,1.9994,2.8233,1561910400,365
1370,2019-07-02,1.9943,1.9943,-0.2551,1561996800,364
1371,2019-07-03,1.9774,1.9774,-0.8474,1562083200,363
1372,2019-07-04,1.9724,1.9724,-0.2529,1562169600,362
1373,2019-07-05,1.9801,1.9801,0.3904,1562256000,361
1374,2019-07-08,1.9186,1.9186,-3.1059,1562515200,360
1375,2019-07-09,1.9217,1.9217,0.1616,1562601600,359
1376,2019-07-10,1.9092,1.9092,-0.6505,1562688000,358
1377,2019-07-11,1.9091,1.9091,-0.0052,1562774400,357
1378,2019-07-12,1.9194,1.9194,0.5395,1562860800,356
1379,2019-07-15,1.9442,1.9442,1.2921,1563120000,355
1380,2019-07-16,1.9481,1.9481,0.2006,1563206400,354
1381,2019-07-17,1.9454,1.9454,-0.1386,1563292800,353
1382,2019-07-18,1.9158,1.9158,-1.5215,1563379200,352
1383,2019-07-19,1.9288,1.9288,0.6786,1563465600,351
1384,2019-07-22,1.8985,1.8985,-1.5709,1563724800,350
1385,2019-07-23,1.9115,1.9115,0.6848,1563811200,349
1386,2019-07-24,1.9296,1.9296,0.9469,1563897600,348
1387,2019-07-25,1.9369,1.9369,0.3783,1563984000,347
1388,2019-07-26,1.9387,1.9387,0.0929,1564070400,346
1389,2019-07-29,1.9371,1.9371,-0.0825,1564329600,345
1390,2019-07-30,1.9471,1.9471,0.5162,1564416000,344
1391,2019-07-31,1.9407,1.9407,-0.3287,1564502400,343
1392,2019-08-01,1.928,1.928,-0.6544,1564588800,342
1393,2019-08-02,1.9022,1.9022,-1.3382,1564675200,341
1394,2019-08-05,1.8799,1.8799,-1.1723,1564934400,340
1395,2019-08-06,1.8368,1.8368,-2.2927,1565020800,339
1396,2019-08-07,1.8292,1.8292,-0.4138,1565107200,338
1397,2019-08-08,1.8414,1.8414,0.667,1565193600,337
1398,2019-08-09,1.8192,1.8192,-1.2056,1565280000,336
1399,2019-08-12,1.8505,1.8505,1.7205,1565539200,335
1400,2019-08-13,1.8397,1.8397,-0.5836,1565625600,334
1401,2019-08-14,1.8481,1.8481,0.4566,1565712000,333
1402,2019-08-15,1.8555,1.8555,0.4004,1565798400,332
1403,2019-08-16,1.8629,1.8629,0.3988,1565884800,331
1404,2019-08-19,1.9194,1.9194,3.0329,1566144000,330
1405,2019-08-20,1.9185,1.9185,-0.0469,1566230400,329
1406,2019-08-21,1.9226,1.9226,0.2137,1566316800,328
1407,2019-08-22,1.9217,1.9217,-0.0468,1566403200,327
1408,2019-08-23,1.921,1.921,-0.0364,1566489600,326
1409,2019-08-26,1.9092,1.9092,-0.6143,1566748800,325
1410,2019-08-27,1.9404,1.9404,1.6342,1566835200,324
1411,2019-08-28,1.9378,1.9378,-0.134,1566921600,323
1412,2019-08-29,1.9378,1.9378,0,1567008000,322
1413,2019-08-30,1.9231,1.9231,-0.7586,1567094400,321
1414,2019-09-02,1.9678,1.9678,2.3244,1567353600,320
1415,2019-09-03,1.9759,1.9759,0.4116,1567440000,319
1416,2019-09-04,1.9947,1.9947,0.9515,1567526400,318
1417,2019-09-05,2.0139,2.0139,0.9626,1567612800,317
1418,2019-09-06,2.0201,2.0201,0.3079,1567699200,316
1419,2019-09-09,2.0578,2.0578,1.8662,1567958400,315
1420,2019-09-10,2.0522,2.0522,-0.2721,1568044800,314
1421,2019-09-11,2.0441,2.0441,-0.3947,1568131200,313
1422,2019-09-12,2.0542,2.0542,0.4941,1568217600,312
1423,2019-09-16,2.0544,2.0544,0.0097,1568563200,311
1424,2019-09-17,2.0133,2.0133,-2.0006,1568649600,310
1425,2019-09-18,2.017,2.017,0.1838,1568736000,309
1426,2019-09-19,2.0328,2.0328,0.7833,1568822400,308
1427,2019-09-20,2.0404,2.0404,0.3739,1568908800,307
1428,2019-09-23,2.0246,2.0246,-0.7744,1569168000,306
1429,2019-09-24,2.0283,2.0283,0.1828,1569254400,305
1430,2019-09-25,1.9966,1.9966,-1.5629,1569340800,304
1431,2019-09-26,1.9568,1.9568,-1.9934,1569427200,303
1432,2019-09-27,1.9637,1.9637,0.3526,1569513600,302
1433,2019-09-30,1.9446,1.9446,-0.9727,1569772800,301
1434,2019-10-08,1.9485,1.9485,0.2006,1570464000,300
1435,2019-10-09,1.9701,1.9701,1.1085,1570550400,299
1436,2019-10-10,1.9932,1.9932,1.1725,1570636800,298
1437,2019-10-11,1.9957,1.9957,0.1254,1570723200,297
1438,2019-10-14,2.0246,2.0246,1.4481,1570982400,296
1439,2019-10-15,2.0042,2.0042,-1.0076,1571068800,295
1440,2019-10-16,1.9982,1.9982,-0.2994,1571155200,294
1441,2019-10-17,1.9907,1.9907,-0.3753,1571241600,293
1442,2019-10-18,1.9645,1.9645,-1.3161,1571328000,292
1443,2019-10-21,1.9612,1.9612,-0.168,1571587200,291
1444,2019-10-22,1.9817,1.9817,1.0453,1571673600,290
1445,2019-10-23,1.967,1.967,-0.7418,1571760000,289
1446,2019-10-24,1.9644,1.9644,-0.1322,1571846400,288
1447,2019-10-25,1.9812,1.9812,0.8552,1571932800,287
1448,2019-10-28,2.0121,2.0121,1.5597,1572192000,286
1449,2019-10-29,1.9862,1.9862,-1.2872,1572278400,285
1450,2019-10-30,1.9639,1.9639,-1.1227,1572364800,284
1451,2019-10-31,1.9516,1.9516,-0.6263,1572451200,283
1452,2019-11-01,1.9673,1.9673,0.8045,1572537600,282
1453,2019-11-04,1.9763,1.9763,0.4575,1572796800,281
1454,2019-11-05,1.9873,1.9873,0.5566,1572883200,280
1455,2019-11-06,1.9672,1.9672,-1.0114,1572969600,279
1456,2019-11-07,1.9781,1.9781,0.5541,1573056000,278
1457,2019-11-08,1.972,1.972,-0.3084,1573142400,277
1458,2019-11-11,1.9307,1.9307,-2.0943,1573401600,276
1459,2019-11-12,1.9312,1.9312,0.0259,1573488000,275
1460,2019-11-13,1.9285,1.9285,-0.1398,1573574400,274
1461,2019-11-14,1.9405,1.9405,0.6222,1573660800,273
1462,2019-11-15,1.9231,1.9231,-0.8967,1573747200,272
1463,2019-11-18,1.9343,1.9343,0.5824,1574006400,271
1464,2019-11-19,1.963,1.963,1.4837,1574092800,270
1465,2019-11-20,1.9519,1.9519,-0.5655,1574179200,269
1466,2019-11-21,1.9519,1.9519,0,1574265600,268
1467,2019-11-22,1.9358,1.9358,-0.8248,1574352000,267
1468,2019-11-25,1.9368,1.9368,0.0517,1574611200,266
1469,2019-11-26,1.9325,1.9325,-0.222,1574697600,265
1470,2019-11-27,1.939,1.939,0.3364,1574784000,264
1471,2019-11-28,1.9321,1.9321,-0.3559,1574870400,263
1472,2019-11-29,1.9325,1.9325,0.0207,1574956800,262
1473,2019-12-02,1.9367,1.9367,0.2173,1575216000,261
1474,2019-12-03,1.946,1.946,0.4802,1575302400,260
1475,2019-12-04,1.9439,1.9439,-0.1079,1575388800,259
1476,2019-12-05,1.9601,1.9601,0.8334,1575475200,258
1477,2019-12-06,1.9737,1.9737,0.6938,1575561600,257
1478,2019-12-09,1.9793,1.9793,0.2837,1575820800,256
1479,2019-12-10,1.9871,1.9871,0.3941,1575907200,255
1480,2019-12-11,1.9831,1.9831,-0.2013,1575993600,254
1481,2019-12-12,1.9775,1.9775,-0.2824,1576080000,253
1482,2019-12-13,2.0014,2.0014,1.2086,1576166400,252
1483,2019-12-16,2.028,2.028,1.3291,1576425600,251
1484,2019-12-17,2.0528,2.0528,1.2229,1576512000,250
1485,2019-12-18,2.0503,2.0503,-0.1218,1576598400,249
1486,2019-12-19,2.0542,2.0542,0.1902,1576684800,248
1487,2019-12-20,2.0341,2.0341,-0.9785,1576771200,247
1488,2019-12-23,1.9967,1.9967,-1.8387,1577030400,246
1489,2019-12-24,2.0212,2.0212,1.227,1577116800,245
1490,2019-12-25,2.0298,2.0298,0.4255,1577203200,244
1491,2019-12-26,2.0415,2.0415,0.5764,1577289600,243
1492,2019-12-27,2.0289,2.0289,-0.6172,1577376000,242
1493,2019-12-30,2.0533,2.0533,1.2026,1577635200,241
1494,2019-12-31,2.0609,2.0609,0.3701,1577721600,240
1495,2020-01-02,2.0976,2.0976,1.7808,1577894400,239
1496,2020-01-03,2.1018,2.1018,0.2002,1577980800,238
1497,2020-01-06,2.1188,2.1188,0.8088,1578240000,237
1498,2020-01-07,2.1443,2.1443,1.2035,1578326400,236
1499,2020-01-08,2.1149,2.1149,-1.3711,1578412800,235
1500,2020-01-09,2.1463,2.1463,1.4847,1578499200,234
1501,2020-01-10,2.1422,2.1422,-0.191,1578585600,233
1502,2020-01-13,2.1713,2.1713,1.3584,1578844800,232
1503,2020-01-14,2.1632,2.1632,-0.373,1578931200,231
1504,2020-01-15,2.1596,2.1596,-0.1664,1579017600,230
1505,2020-01-16,2.1558,2.1558,-0.176,1579104000,229
1506,2020-01-17,2.1507,2.1507,-0.2366,1579190400,228
1507,2020-01-20,2.1793,2.1793,1.3298,1579449600,227
1508,2020-01-21,2.1519,2.1519,-1.2573,1579536000,226
1509,2020-01-22,2.1696,2.1696,0.8225,1579622400,225
1510,2020-01-23,2.0879,2.0879,-3.7657,1579708800,224
1511,2020-02-03,1.909,1.909,-8.5684,1580659200,223
1512,2020-02-04,1.9291,1.9291,1.0529,1580745600,222
1513,2020-02-05,1.965,1.965,1.861,1580832000,221
1514,2020-02-06,2.0172,2.0172,2.6565,1580918400,220
1515,2020-02-07,2.034,2.034,0.8328,1581004800,219
1516,2020-02-10,2.0541,2.0541,0.9882,1581264000,218
1517,2020-02-11,2.0513,2.0513,-0.1363,1581350400,217
1518,2020-02-12,2.085,2.085,1.6429,1581436800,216
1519,2020-02-13,2.0682,2.0682,-0.8058,1581523200,215
1520,2020-02-14,2.0743,2.0743,0.2949,1581609600,214
1521,2020-02-17,2.1353,2.1353,2.9408,1581868800,213
1522,2020-02-18,2.1504,2.1504,0.7072,1581955200,212
1523,2020-02-19,2.1361,2.1361,-0.665,1582041600,211
1524,2020-02-20,2.1745,2.1745,1.7977,1582128000,210
1525,2020-02-21,2.2,2.2,1.1727,1582214400,209
1526,2020-02-24,2.2227,2.2227,1.0318,1582473600,208
1527,2020-02-25,2.2288,2.2288,0.2744,1582560000,207
1528,2020-02-26,2.1758,2.1758,-2.378,1582646400,206
1529,2020-02-27,2.1868,2.1868,0.5056,1582732800,205
1530,2020-02-28,2.0798,2.0798,-4.893,1582819200,204
1531,2020-03-02,2.1514,2.1514,3.4426,1583078400,203
1532,2020-03-03,2.1667,2.1667,0.7112,1583164800,202
1533,2020-03-04,2.167,2.167,0.0138,1583251200,201
1534,2020-03-05,2.208,2.208,1.892,1583337600,200
1535,2020-03-06,2.1913,2.1913,-0.7563,1583424000,199
1536,2020-03-09,2.105,2.105,-3.9383,1583683200,198
1537,2020-03-10,2.161,2.161,2.6603,1583769600,197
1538,2020-03-11,2.1303,2.1303,-1.4206,1583856000,196
1539,2020-03-12,2.0921,2.0921,-1.7932,1583942400,195
1540,2020-03-13,2.0799,2.0799,-0.5831,1584028800,194
1541,2020-03-16,1.9823,1.9823,-4.6925,1584288000,193
1542,2020-03-17,1.991,1.991,0.4389,1584374400,192
1543,2020-03-18,1.9615,1.9615,-1.4817,1584460800,191
1544,2020-03-19,1.9716,1.9716,0.5149,1584547200,190
1545,2020-03-20,1.9939,1.9939,1.1311,1584633600,189
1546,2020-03-23,1.9129,1.9129,-4.0624,1584892800,188
1547,2020-03-24,1.9447,1.9447,1.6624,1584979200,187
1548,2020-03-25,1.9918,1.9918,2.422,1585065600,186
1549,2020-03-26,1.9734,1.9734,-0.9238,1585152000,185
1550,2020-03-27,1.9661,1.9661,-0.3699,1585238400,184
1551,2020-03-30,1.9303,1.9303,-1.8209,1585497600,183
1552,2020-03-31,1.9361,1.9361,0.3005,1585584000,182
1553,2020-04-01,1.9321,1.9321,-0.2066,1585670400,181
1554,2020-04-02,1.9799,1.9799,2.474,1585756800,180
1555,2020-04-03,1.9672,1.9672,-0.6414,1585843200,179
1556,2020-04-07,2.0251,2.0251,2.9433,1586188800,178
1557,2020-04-08,2.0221,2.0221,-0.1481,1586275200,177
1558,2020-04-09,2.0392,2.0392,0.8457,1586361600,176
1559,2020-04-10,2.0002,2.0002,-1.9125,1586448000,175
1560,2020-04-13,1.9816,1.9816,-0.9299,1586707200,174
1561,2020-04-14,2.0228,2.0228,2.0791,1586793600,173
1562,2020-04-15,2.0193,2.0193,-0.173,1586880000,172
1563,2020-04-16,2.0411,2.0411,1.0796,1586966400,171
1564,2020-04-17,2.0441,2.0441,0.147,1587052800,170
1565,2020-04-20,2.0666,2.0666,1.1007,1587312000,169
1566,2020-04-21,2.0527,2.0527,-0.6726,1587398400,168
1567,2020-04-22,2.0691,2.0691,0.7989,1587484800,167
1568,2020-04-23,2.0653,2.0653,-0.1837,1587571200,166
1569,2020-04-24,2.0327,2.0327,-1.5785,1587657600,165
1570,2020-04-27,2.0372,2.0372,0.2214,1587916800,164
1571,2020-04-28,2.0335,2.0335,-0.1816,1588003200,163
1572,2020-04-29,2.0353,2.0353,0.0885,1588089600,162
1573,2020-04-30,2.0711,2.0711,1.759,1588176000,161
1574,2020-05-06,2.1012,2.1012,1.4533,1588694400,160
1575,2020-05-07,2.0994,2.0994,-0.0857,1588780800,159
1576,2020-05-08,2.1144,2.1144,0.7145,1588867200,158
1577,2020-05-11,2.1093,2.1093,-0.2412,1589126400,157
1578,2020-05-12,2.1153,2.1153,0.2845,1589212800,156
1579,2020-05-13,2.1264,2.1264,0.5247,1589299200,155
1580,2020-05-14,2.1087,2.1087,-0.8324,1589385600,154
1581,2020-05-15,2.1183,2.1183,0.4553,1589472000,153
1582,2020-05-18,2.1131,2.1131,-0.2455,1589731200,152
1583,2020-05-19,2.139,2.139,1.2257,1589817600,151
1584,2020-05-20,2.1156,2.1156,-1.094,1589904000,150
1585,2020-05-21,2.0996,2.0996,-0.7563,1589990400,149
1586,2020-05-22,2.0631,2.0631,-1.7384,1590076800,148
1587,2020-05-25,2.059,2.059,-0.1987,1590336000,147
1588,2020-05-26,2.0999,2.0999,1.9864,1590422400,146
1589,2020-05-27,2.0739,2.0739,-1.2382,1590508800,145
1590,2020-05-28,2.0723,2.0723,-0.0771,1590595200,144
1591,2020-05-29,2.0909,2.0909,0.8976,1590681600,143
1592,2020-06-01,2.1546,2.1546,3.0465,1590940800,142
1593,2020-06-02,2.1524,2.1524,-0.1021,1591027200,141
1594,2020-06-03,2.1543,2.1543,0.0883,1591113600,140
1595,2020-06-04,2.1535,2.1535,-0.0371,1591200000,139
1596,2020-06-05,2.1539,2.1539,0.0186,1591286400,138
1597,2020-06-08,2.1527,2.1527,-0.0557,1591545600,137
1598,2020-06-09,2.1712,2.1712,0.8594,1591632000,136
1599,2020-06-10,2.1819,2.1819,0.4928,1591718400,135
1600,2020-06-11,2.1695,2.1695,-0.5683,1591804800,134
1601,2020-06-12,2.1846,2.1846,0.696,1591891200,133
1602,2020-06-15,2.1958,2.1958,0.5127,1592150400,132
1603,2020-06-16,2.2376,2.2376,1.9036,1592236800,131
1604,2020-06-17,2.2533,2.2533,0.7016,1592323200,130
1605,2020-06-18,2.2481,2.2481,-0.2308,1592409600,129
1606,2020-06-19,2.2709,2.2709,1.0142,1592496000,128
1607,2020-06-22,2.2733,2.2733,0.1057,1592755200,127
1608,2020-06-23,2.2896,2.2896,0.717,1592841600,126
1609,2020-06-24,2.2979,2.2979,0.3625,1592928000,125
1610,2020-06-29,2.3043,2.3043,0.2785,1593360000,124
1611,2020-06-30,2.3452,2.3452,1.7749,1593446400,123
1612,2020-07-01,2.3534,2.3534,0.3497,1593532800,122
1613,2020-07-02,2.3925,2.3925,1.6614,1593619200,121
1614,2020-07-03,2.4193,2.4193,1.1202,1593705600,120
1615,2020-07-06,2.5037,2.5037,3.4886,1593964800,119
1616,2020-07-07,2.5551,2.5551,2.053,1594051200,118
1617,2020-07-08,2.6058,2.6058,1.9843,1594137600,117
1618,2020-07-09,2.687,2.687,3.1161,1594224000,116
1619,2020-07-10,2.7101,2.7101,0.8597,1594310400,115
1620,2020-07-13,2.8096,2.8096,3.6715,1594569600,114
1621,2020-07-14,2.7922,2.7922,-0.6193,1594656000,113
1622,2020-07-15,2.7309,2.7309,-2.1954,1594742400,112
1623,2020-07-16,2.5975,2.5975,-4.8848,1594828800,111
1624,2020-07-17,2.6116,2.6116,0.5428,1594915200,110
1625,2020-07-20,2.6777,2.6777,2.531,1595174400,109
1626,2020-07-21,2.701,2.701,0.8701,1595260800,108
1627,2020-07-22,2.7244,2.7244,0.8663,1595347200,107
1628,2020-07-23,2.7307,2.7307,0.2312,1595433600,106
1629,2020-07-24,2.5859,2.5859,-5.3027,1595520000,105
1630,2020-07-27,2.595,2.595,0.3519,1595779200,104
1631,2020-07-28,2.6284,2.6284,1.2871,1595865600,103
1632,2020-07-29,2.7087,2.7087,3.0551,1595952000,102
1633,2020-07-30,2.705,2.705,-0.1366,1596038400,101
1634,2020-07-31,2.7372,2.7372,1.1904,1596124800,100
1635,2020-08-03,2.8033,2.8033,2.4149,1596384000,99
1636,2020-08-04,2.7864,2.7864,-0.6029,1596470400,98
1637,2020-08-05,2.8292,2.8292,1.536,1596556800,97
1638,2020-08-06,2.8144,2.8144,-0.5231,1596643200,96
1639,2020-08-07,2.787,2.787,-0.9736,1596729600,95
1640,2020-08-10,2.7969,2.7969,0.3552,1596988800,94
1641,2020-08-11,2.7457,2.7457,-1.8306,1597075200,93
1642,2020-08-12,2.7032,2.7032,-1.5479,1597161600,92
1643,2020-08-13,2.7048,2.7048,0.0592,1597248000,91
1644,2020-08-14,2.7385,2.7385,1.2459,1597334400,90
1645,2020-08-17,2.792,2.792,1.9536,1597593600,89
1646,2020-08-18,2.8133,2.8133,0.7629,1597680000,88
1647,2020-08-19,2.7631,2.7631,-1.7844,1597766400,87
1648,2020-08-20,2.74,2.74,-0.836,1597852800,86
1649,2020-08-21,2.7679,2.7679,1.0182,1597939200,85
1650,2020-08-24,2.7954,2.7954,0.99,1598198400,84
1651,2020-08-25,2.7892,2.7892,-0.22,1598284800,83
1652,2020-08-26,2.7367,2.7367,-1.88,1598371200,82
1653,2020-08-27,2.76,2.76,0.85,1598457600,81
1654,2020-08-28,2.8089,2.8089,1.77,1598544000,80
1655,2020-08-31,2.7987,2.7987,-0.36,1598803200,79
1656,2020-09-01,2.808,2.808,0.33,1598889600,78
1657,2020-09-02,2.8044,2.8044,-0.13,1598976000,77
1658,2020-09-03,2.7754,2.7754,-1.03,1599062400,76
1659,2020-09-04,2.7427,2.7427,-1.18,1599148800,75
1660,2020-09-07,2.6646,2.6646,-2.85,1599408000,74
1661,2020-09-08,2.6689,2.6689,0.16,1599494400,73
1662,2020-09-09,2.589,2.589,-2.99,1599580800,72
1663,2020-09-10,2.5631,2.5631,-1,1599667200,71
1664,2020-09-11,2.5963,2.5963,1.3,1599753600,70
1665,2020-09-14,2.6044,2.6044,0.31,1600012800,69
1666,2020-09-15,2.6264,2.6264,0.84,1600099200,68
1667,2020-09-16,2.6063,2.6063,-0.77,1600185600,67
1668,2020-09-17,2.6082,2.6082,0.07,1600272000,66
1669,2020-09-18,2.6481,2.6481,1.53,1600358400,65
1670,2020-09-21,2.6338,2.6338,-0.54,1600617600,64
1671,2020-09-22,2.6223,2.6223,-0.44,1600704000,63
1672,2020-09-23,2.6378,2.6378,0.59,1600790400,62
1673,2020-09-24,2.582,2.582,-2.12,1600876800,61
1674,2020-09-25,2.5896,2.5896,0.29,1600963200,60
1675,2020-09-28,2.5639,2.5639,-0.99,1601222400,59
1676,2020-09-29,2.591,2.591,1.06,1601308800,58
1677,2020-09-30,2.5843,2.5843,-0.26,1601395200,57
1678,2020-10-09,2.6557,2.6557,2.76,1602172800,56
1679,2020-10-12,2.735,2.735,2.99,1602432000,55
1680,2020-10-13,2.7418,2.7418,0.25,1602518400,54
1681,2020-10-14,2.7309,2.7309,-0.4,1602604800,53
1682,2020-10-15,2.7082,2.7082,-0.83,1602691200,52
1683,2020-10-16,2.6974,2.6974,-0.4,1602777600,51
1684,2020-10-19,2.6652,2.6652,-1.19,1603036800,50
1685,2020-10-20,2.6869,2.6869,0.81,1603123200,49
1686,2020-10-21,2.6547,2.6547,-1.2,1603209600,48
1687,2020-10-22,2.633,2.633,-0.82,1603296000,47
1688,2020-10-23,2.5873,2.5873,-1.74,1603382400,46
1689,2020-10-26,2.5977,2.5977,0.4,1603641600,45
1690,2020-10-27,2.6064,2.6064,0.33,1603728000,44
1691,2020-10-28,2.6218,2.6218,0.59,1603814400,43
1692,2020-10-29,2.6263,2.6263,0.17,1603900800,42
1693,2020-10-30,2.5656,2.5656,-2.31,1603987200,41
1694,2020-11-02,2.5812,2.5812,0.61,1604246400,40
1695,2020-11-03,2.6123,2.6123,1.2,1604332800,39
1696,2020-11-04,2.6014,2.6014,-0.42,1604419200,38
1697,2020-11-05,2.6509,2.6509,1.9,1604505600,37
1698,2020-11-06,2.6267,2.6267,-0.91,1604592000,36
1699,2020-11-09,2.6778,2.6778,1.95,1604851200,35
1700,2020-11-10,2.6428,2.6428,-1.31,1604937600,34
1701,2020-11-11,2.6081,2.6081,-1.31,1605024000,33
1702,2020-11-12,2.6192,2.6192,0.43,1605110400,32
1703,2020-11-13,2.6137,2.6137,-0.21,1605196800,31
1704,2020-11-16,2.6415,2.6415,1.06,1605456000,30
1705,2020-11-17,2.6178,2.6178,-0.9,1605542400,29
1706,2020-11-18,2.6225,2.6225,0.18,1605628800,28
1707,2020-11-19,2.6315,2.6315,0.34,1605715200,27
1708,2020-11-20,2.6555,2.6555,0.91,1605801600,26
1709,2020-11-23,2.6747,2.6747,0.72,1606060800,25
1710,2020-11-24,2.6739,2.6739,-0.03,1606147200,24
1711,2020-11-25,2.6227,2.6227,-1.91,1606233600,23
1712,2020-11-26,2.612,2.612,-0.41,1606320000,22
1713,2020-11-27,2.6127,2.6127,0.03,1606406400,21
1714,2020-11-30,2.6014,2.6014,-0.43,1606665600,20
1715,2020-12-01,2.6442,2.6442,1.65,1606752000,19
1716,2020-12-02,2.642,2.642,-0.08,1606838400,18
1717,2020-12-03,2.6348,2.6348,-0.27,1606924800,17
1718,2020-12-04,2.6459,2.6459,0.42,1607011200,16
1719,2020-12-07,2.6305,2.6305,-0.58,1607270400,15
1720,2020-12-08,2.6304,2.6304,0,1607356800,14
1721,2020-12-09,2.5809,2.5809,-1.88,1607443200,13
1722,2020-12-10,2.587,2.587,0.24,1607529600,12
1723,2020-12-11,2.5346,2.5346,-2.03,1607616000,11
1724,2020-12-14,2.5535,2.5535,0.75,1607875200,10
1725,2020-12-15,2.5646,2.5646,0.43,1607961600,9
1726,2020-12-16,2.5533,2.5533,-0.44,1608048000,8
1727,2020-12-17,2.5875,2.5875,1.34,1608134400,7
1728,2020-12-18,2.5783,2.5783,-0.36,1608220800,6
1729,2020-12-21,2.6221,2.6221,1.7,1608480000,5
1730,2020-12-22,2.5692,2.5692,-2.02,1608566400,4
1731,2020-12-23,2.5912,2.5912,0.86,1608652800,3
1732,2020-12-24,2.551,2.551,-1.55,1608739200,2
1733,2020-12-25,2.5889,2.5889,1.49,1608825600,1